id,image_url,scientific_name
219677093,https://inaturalist-open-data.s3.amazonaws.com/photos/388858715/medium.jpeg,Vanessa cardui
219683662,https://static.inaturalist.org/photos/388872107/medium.jpg,Vanessa cardui
219692884,https://inaturalist-open-data.s3.amazonaws.com/photos/388889844/medium.jpg,Vanessa cardui
219699673,https://inaturalist-open-data.s3.amazonaws.com/photos/388902372/medium.jpeg,Vanessa cardui
219699696,https://inaturalist-open-data.s3.amazonaws.com/photos/388941119/medium.jpeg,Vanessa cardui
219701479,https://static.inaturalist.org/photos/389094445/medium.jpeg,Vanessa cardui
219701997,https://static.inaturalist.org/photos/389081121/medium.jpeg,Vanessa cardui
219702246,https://inaturalist-open-data.s3.amazonaws.com/photos/388907530/medium.jpeg,Vanessa cardui
219702251,https://static.inaturalist.org/photos/389090673/medium.jpeg,Vanessa cardui
219703065,https://static.inaturalist.org/photos/388908982/medium.jpeg,Vanessa cardui
219708943,https://inaturalist-open-data.s3.amazonaws.com/photos/388918239/medium.jpeg,Vanessa cardui
219712378,https://inaturalist-open-data.s3.amazonaws.com/photos/388922103/medium.png,Vanessa cardui
219713097,https://static.inaturalist.org/photos/388924722/medium.jpeg,Vanessa cardui
219713897,https://inaturalist-open-data.s3.amazonaws.com/photos/388927207/medium.jpeg,Vanessa cardui
219715003,https://inaturalist-open-data.s3.amazonaws.com/photos/388928125/medium.jpg,Vanessa cardui
219718365,https://inaturalist-open-data.s3.amazonaws.com/photos/388934705/medium.jpeg,Vanessa cardui
219733952,https://static.inaturalist.org/photos/388963957/medium.jpg,Vanessa cardui
219743747,https://static.inaturalist.org/photos/388981041/medium.jpeg,Vanessa cardui
219745255,https://static.inaturalist.org/photos/388984060/medium.jpeg,Vanessa cardui
219746904,https://static.inaturalist.org/photos/388986816/medium.jpeg,Vanessa cardui
219747141,https://inaturalist-open-data.s3.amazonaws.com/photos/388987260/medium.jpg,Vanessa cardui
219751610,https://static.inaturalist.org/photos/388995415/medium.jpeg,Vanessa cardui
219756059,https://inaturalist-open-data.s3.amazonaws.com/photos/389003003/medium.jpg,Vanessa cardui
219760317,https://inaturalist-open-data.s3.amazonaws.com/photos/389010679/medium.jpg,Vanessa cardui
219760595,https://static.inaturalist.org/photos/389011250/medium.jpeg,Vanessa cardui
219766663,https://inaturalist-open-data.s3.amazonaws.com/photos/389021834/medium.jpeg,Vanessa cardui
219767801,https://inaturalist-open-data.s3.amazonaws.com/photos/389457216/medium.jpg,Vanessa cardui
219769100,https://inaturalist-open-data.s3.amazonaws.com/photos/389025971/medium.jpeg,Vanessa cardui
219771123,https://static.inaturalist.org/photos/389029367/medium.jpeg,Vanessa cardui
219772385,https://inaturalist-open-data.s3.amazonaws.com/photos/389032854/medium.jpeg,Vanessa cardui
219774784,https://inaturalist-open-data.s3.amazonaws.com/photos/389035108/medium.jpg,Vanessa cardui
219783740,https://inaturalist-open-data.s3.amazonaws.com/photos/389052950/medium.jpg,Vanessa cardui
219785905,https://inaturalist-open-data.s3.amazonaws.com/photos/389056351/medium.jpg,Vanessa cardui
219786739,https://inaturalist-open-data.s3.amazonaws.com/photos/389057626/medium.jpeg,Vanessa cardui
219795386,https://static.inaturalist.org/photos/389074290/medium.jpeg,Vanessa cardui
219795648,https://inaturalist-open-data.s3.amazonaws.com/photos/389074867/medium.jpeg,Vanessa cardui
219801259,https://inaturalist-open-data.s3.amazonaws.com/photos/389085065/medium.jpeg,Vanessa cardui
219801921,https://inaturalist-open-data.s3.amazonaws.com/photos/389087487/medium.jpg,Vanessa cardui
219804612,https://inaturalist-open-data.s3.amazonaws.com/photos/389091479/medium.jpg,Vanessa cardui
219807000,https://inaturalist-open-data.s3.amazonaws.com/photos/389096032/medium.jpeg,Vanessa cardui
219811707,https://inaturalist-open-data.s3.amazonaws.com/photos/389086869/medium.jpeg,Vanessa cardui
219812800,https://inaturalist-open-data.s3.amazonaws.com/photos/389106163/medium.jpeg,Vanessa cardui
219816988,https://static.inaturalist.org/photos/389114002/medium.jpg,Vanessa cardui
219818727,https://inaturalist-open-data.s3.amazonaws.com/photos/389116488/medium.jpeg,Vanessa cardui
219819430,https://inaturalist-open-data.s3.amazonaws.com/photos/389112936/medium.jpg,Vanessa cardui
219820213,https://inaturalist-open-data.s3.amazonaws.com/photos/389120041/medium.jpg,Vanessa cardui
219825930,https://static.inaturalist.org/photos/389214186/medium.jpg,Vanessa cardui
219840213,https://inaturalist-open-data.s3.amazonaws.com/photos/389156430/medium.jpeg,Vanessa cardui
219844648,https://inaturalist-open-data.s3.amazonaws.com/photos/389161646/medium.jpeg,Vanessa cardui
219846718,https://inaturalist-open-data.s3.amazonaws.com/photos/389168036/medium.jpeg,Vanessa cardui
219857617,https://inaturalist-open-data.s3.amazonaws.com/photos/389189281/medium.jpeg,Vanessa cardui
219864449,https://static.inaturalist.org/photos/389202497/medium.jpeg,Vanessa cardui
219885025,https://inaturalist-open-data.s3.amazonaws.com/photos/389240381/medium.jpg,Vanessa cardui
219885030,https://inaturalist-open-data.s3.amazonaws.com/photos/389240410/medium.jpg,Vanessa cardui
219885304,https://inaturalist-open-data.s3.amazonaws.com/photos/389241730/medium.jpg,Vanessa cardui
219887153,https://inaturalist-open-data.s3.amazonaws.com/photos/389217373/medium.jpeg,Vanessa cardui
219892549,https://inaturalist-open-data.s3.amazonaws.com/photos/389254273/medium.jpeg,Vanessa cardui
219893444,https://inaturalist-open-data.s3.amazonaws.com/photos/389257353/medium.jpg,Vanessa cardui
219904219,https://inaturalist-open-data.s3.amazonaws.com/photos/389275782/medium.jpeg,Vanessa cardui
219906552,https://inaturalist-open-data.s3.amazonaws.com/photos/389283262/medium.jpeg,Vanessa cardui
219919542,https://inaturalist-open-data.s3.amazonaws.com/photos/389309650/medium.jpg,Vanessa cardui
219922598,https://inaturalist-open-data.s3.amazonaws.com/photos/389315990/medium.jpg,Vanessa cardui
219933064,https://inaturalist-open-data.s3.amazonaws.com/photos/389336916/medium.jpeg,Vanessa cardui
219936266,https://inaturalist-open-data.s3.amazonaws.com/photos/389343353/medium.jpg,Vanessa cardui
219937132,https://inaturalist-open-data.s3.amazonaws.com/photos/389345243/medium.jpg,Vanessa cardui
219937171,https://inaturalist-open-data.s3.amazonaws.com/photos/389345365/medium.jpeg,Vanessa cardui
219940583,https://static.inaturalist.org/photos/389477946/medium.jpeg,Vanessa cardui
219941100,https://inaturalist-open-data.s3.amazonaws.com/photos/389355151/medium.jpeg,Vanessa cardui
219943454,https://static.inaturalist.org/photos/389492770/medium.jpeg,Vanessa cardui
219950542,https://inaturalist-open-data.s3.amazonaws.com/photos/389368953/medium.jpeg,Vanessa cardui
219950899,https://inaturalist-open-data.s3.amazonaws.com/photos/389369657/medium.jpeg,Vanessa cardui
219951402,https://inaturalist-open-data.s3.amazonaws.com/photos/389370680/medium.jpeg,Vanessa cardui
219952057,https://inaturalist-open-data.s3.amazonaws.com/photos/389371786/medium.jpeg,Vanessa cardui
219954030,https://static.inaturalist.org/photos/389375220/medium.jpeg,Vanessa cardui
219955275,https://inaturalist-open-data.s3.amazonaws.com/photos/389376201/medium.jpeg,Vanessa cardui
219960710,https://inaturalist-open-data.s3.amazonaws.com/photos/389386575/medium.jpg,Vanessa cardui
219965535,https://static.inaturalist.org/photos/389516462/medium.jpeg,Vanessa cardui
219967235,https://inaturalist-open-data.s3.amazonaws.com/photos/389397593/medium.jpeg,Vanessa cardui
219969613,https://inaturalist-open-data.s3.amazonaws.com/photos/389402216/medium.jpeg,Vanessa cardui
219972535,https://static.inaturalist.org/photos/417560138/medium.jpg,Vanessa cardui
219974408,https://inaturalist-open-data.s3.amazonaws.com/photos/389410947/medium.jpeg,Vanessa cardui
219977431,https://static.inaturalist.org/photos/389501953/medium.jpeg,Vanessa cardui
219982845,https://static.inaturalist.org/photos/389427634/medium.jpeg,Vanessa cardui
219985414,https://inaturalist-open-data.s3.amazonaws.com/photos/389432562/medium.jpg,Vanessa cardui
219991837,https://inaturalist-open-data.s3.amazonaws.com/photos/389445347/medium.jpg,Vanessa cardui
219994162,https://inaturalist-open-data.s3.amazonaws.com/photos/389449765/medium.jpeg,Vanessa cardui
220001294,https://inaturalist-open-data.s3.amazonaws.com/photos/389461333/medium.jpeg,Vanessa cardui
220002372,https://static.inaturalist.org/photos/389517702/medium.jpeg,Vanessa cardui
220002561,https://inaturalist-open-data.s3.amazonaws.com/photos/392492283/medium.jpg,Vanessa cardui
220004361,https://inaturalist-open-data.s3.amazonaws.com/photos/389468630/medium.jpg,Vanessa cardui
220009673,https://inaturalist-open-data.s3.amazonaws.com/photos/389479162/medium.jpeg,Vanessa cardui
220010504,https://static.inaturalist.org/photos/389479783/medium.jpeg,Vanessa cardui
220012885,https://static.inaturalist.org/photos/389484557/medium.jpg,Vanessa cardui
220015882,https://inaturalist-open-data.s3.amazonaws.com/photos/389490098/medium.jpg,Vanessa cardui
220024726,https://inaturalist-open-data.s3.amazonaws.com/photos/389506622/medium.jpeg,Vanessa cardui
220028285,https://inaturalist-open-data.s3.amazonaws.com/photos/389513090/medium.jpeg,Vanessa cardui
220029251,https://static.inaturalist.org/photos/389513480/medium.jpg,Vanessa cardui
220035336,https://static.inaturalist.org/photos/389526334/medium.jpeg,Vanessa cardui
220039992,https://inaturalist-open-data.s3.amazonaws.com/photos/389534418/medium.jpg,Vanessa cardui
220040842,https://inaturalist-open-data.s3.amazonaws.com/photos/389536184/medium.jpg,Vanessa cardui
220044304,https://static.inaturalist.org/photos/389542480/medium.jpeg,Vanessa cardui
220055304,https://inaturalist-open-data.s3.amazonaws.com/photos/389563923/medium.jpg,Vanessa cardui
220056816,https://static.inaturalist.org/photos/389566410/medium.jpeg,Vanessa cardui
220056968,https://inaturalist-open-data.s3.amazonaws.com/photos/389566347/medium.jpg,Vanessa cardui
220057035,https://inaturalist-open-data.s3.amazonaws.com/photos/389566720/medium.jpg,Vanessa cardui
220065095,https://static.inaturalist.org/photos/389580859/medium.jpeg,Vanessa cardui
220066101,https://inaturalist-open-data.s3.amazonaws.com/photos/389586992/medium.jpeg,Vanessa cardui
220073090,https://static.inaturalist.org/photos/389594967/medium.jpeg,Vanessa cardui
220073254,https://inaturalist-open-data.s3.amazonaws.com/photos/389584813/medium.jpg,Vanessa cardui
220073360,https://static.inaturalist.org/photos/389595500/medium.jpeg,Vanessa cardui
220076913,https://inaturalist-open-data.s3.amazonaws.com/photos/389600479/medium.jpeg,Vanessa cardui
220078569,https://inaturalist-open-data.s3.amazonaws.com/photos/389603191/medium.jpeg,Vanessa cardui
220081726,https://inaturalist-open-data.s3.amazonaws.com/photos/389610737/medium.jpg,Vanessa cardui
220094602,https://inaturalist-open-data.s3.amazonaws.com/photos/389633456/medium.jpg,Vanessa cardui
220106103,https://inaturalist-open-data.s3.amazonaws.com/photos/389620910/medium.jpeg,Vanessa cardui
220110114,https://inaturalist-open-data.s3.amazonaws.com/photos/389664091/medium.jpg,Vanessa cardui
220115298,https://inaturalist-open-data.s3.amazonaws.com/photos/389673061/medium.jpg,Vanessa cardui
220118805,https://inaturalist-open-data.s3.amazonaws.com/photos/389680511/medium.jpg,Vanessa cardui
220124964,https://inaturalist-open-data.s3.amazonaws.com/photos/389692806/medium.jpg,Vanessa cardui
220134762,https://inaturalist-open-data.s3.amazonaws.com/photos/389710702/medium.jpeg,Vanessa cardui
220139862,https://inaturalist-open-data.s3.amazonaws.com/photos/389720841/medium.jpeg,Vanessa cardui
220145014,https://static.inaturalist.org/photos/389730802/medium.jpeg,Rhaponticum repens
220148576,https://static.inaturalist.org/photos/389737739/medium.jpg,Vanessa cardui
220175036,https://inaturalist-open-data.s3.amazonaws.com/photos/389789737/medium.jpg,Vanessa cardui
220178669,https://inaturalist-open-data.s3.amazonaws.com/photos/389798838/medium.jpeg,Vanessa cardui
220191147,https://inaturalist-open-data.s3.amazonaws.com/photos/389822744/medium.jpeg,Vanessa cardui
220192942,https://static.inaturalist.org/photos/389826000/medium.jpeg,Vanessa cardui
220194527,https://inaturalist-open-data.s3.amazonaws.com/photos/389828713/medium.jpeg,Vanessa cardui
220196711,https://inaturalist-open-data.s3.amazonaws.com/photos/389833064/medium.jpeg,Vanessa cardui
220202791,https://static.inaturalist.org/photos/389843978/medium.jpg,Vanessa cardui
220205252,https://static.inaturalist.org/photos/390343873/medium.jpeg,Vanessa cardui
220211227,https://inaturalist-open-data.s3.amazonaws.com/photos/389859180/medium.jpeg,Vanessa cardui
220213472,https://inaturalist-open-data.s3.amazonaws.com/photos/389863384/medium.jpeg,Vanessa cardui
220213994,https://inaturalist-open-data.s3.amazonaws.com/photos/389864749/medium.jpeg,Vanessa cardui
220216321,https://inaturalist-open-data.s3.amazonaws.com/photos/389878768/medium.jpeg,Vanessa cardui
220219834,https://static.inaturalist.org/photos/389937922/medium.jpeg,Vanessa cardui
220223735,https://inaturalist-open-data.s3.amazonaws.com/photos/389882794/medium.jpeg,Vanessa cardui
220226280,https://inaturalist-open-data.s3.amazonaws.com/photos/389892928/medium.jpeg,Vanessa cardui
220227007,https://inaturalist-open-data.s3.amazonaws.com/photos/389887910/medium.jpeg,Vanessa cardui
220230961,https://static.inaturalist.org/photos/389894323/medium.jpeg,Vanessa cardui
220245436,https://inaturalist-open-data.s3.amazonaws.com/photos/389922505/medium.jpeg,Vanessa cardui
220257990,https://inaturalist-open-data.s3.amazonaws.com/photos/389948027/medium.jpg,Vanessa cardui
220266580,https://inaturalist-open-data.s3.amazonaws.com/photos/389961246/medium.jpg,Vanessa cardui
220276046,https://inaturalist-open-data.s3.amazonaws.com/photos/389977314/medium.jpg,Vanessa cardui
220279730,https://inaturalist-open-data.s3.amazonaws.com/photos/389983874/medium.jpg,Vanessa cardui
220281222,https://inaturalist-open-data.s3.amazonaws.com/photos/389986647/medium.jpeg,Vanessa cardui
220287692,https://inaturalist-open-data.s3.amazonaws.com/photos/389999419/medium.jpg,Vanessa cardui
220291847,https://inaturalist-open-data.s3.amazonaws.com/photos/390007224/medium.jpg,Vanessa cardui
220292135,https://inaturalist-open-data.s3.amazonaws.com/photos/390001599/medium.jpeg,Vanessa cardui
220293139,https://inaturalist-open-data.s3.amazonaws.com/photos/390009858/medium.jpg,Vanessa cardui
220293562,https://inaturalist-open-data.s3.amazonaws.com/photos/390010627/medium.jpeg,Vanessa cardui
220295039,https://static.inaturalist.org/photos/390013127/medium.jpg,Vanessa cardui
220295812,https://inaturalist-open-data.s3.amazonaws.com/photos/390014705/medium.jpg,Vanessa cardui
220295966,https://inaturalist-open-data.s3.amazonaws.com/photos/390015130/medium.jpeg,Vanessa cardui
220296756,https://inaturalist-open-data.s3.amazonaws.com/photos/390016565/medium.jpg,Vanessa cardui
220297077,https://inaturalist-open-data.s3.amazonaws.com/photos/390017237/medium.jpeg,Vanessa cardui
220303953,https://inaturalist-open-data.s3.amazonaws.com/photos/390030006/medium.jpg,Vanessa cardui
220305870,https://inaturalist-open-data.s3.amazonaws.com/photos/390032824/medium.jpg,Vanessa cardui
220308196,https://inaturalist-open-data.s3.amazonaws.com/photos/390035418/medium.jpg,Vanessa cardui
220313939,https://inaturalist-open-data.s3.amazonaws.com/photos/390048475/medium.jpeg,Vanessa cardui
220314707,https://static.inaturalist.org/photos/390050276/medium.jpg,Vanessa cardui
220317160,https://inaturalist-open-data.s3.amazonaws.com/photos/390054820/medium.jpeg,Vanessa cardui
220317837,https://inaturalist-open-data.s3.amazonaws.com/photos/390056323/medium.jpeg,Vanessa cardui
220319670,https://inaturalist-open-data.s3.amazonaws.com/photos/390057516/medium.jpg,Vanessa cardui
220326687,https://inaturalist-open-data.s3.amazonaws.com/photos/390073039/medium.jpg,Vanessa cardui
220329512,https://inaturalist-open-data.s3.amazonaws.com/photos/390078169/medium.jpeg,Vanessa cardui
220329529,https://inaturalist-open-data.s3.amazonaws.com/photos/390057236/medium.jpg,Vanessa cardui
220346264,https://inaturalist-open-data.s3.amazonaws.com/photos/390109171/medium.jpg,Vanessa cardui
220353120,https://inaturalist-open-data.s3.amazonaws.com/photos/390121845/medium.jpeg,Vanessa cardui
220354813,https://inaturalist-open-data.s3.amazonaws.com/photos/390125086/medium.jpeg,Vanessa cardui
220369951,https://inaturalist-open-data.s3.amazonaws.com/photos/390305585/medium.jpg,Vanessa cardui
220371636,https://inaturalist-open-data.s3.amazonaws.com/photos/390158427/medium.jpg,Vanessa cardui
220380889,https://inaturalist-open-data.s3.amazonaws.com/photos/390176861/medium.jpg,Vanessa cardui
220382422,https://static.inaturalist.org/photos/390180473/medium.jpeg,Vanessa cardui
220391372,https://inaturalist-open-data.s3.amazonaws.com/photos/390196361/medium.jpeg,Vanessa cardui
220392420,https://static.inaturalist.org/photos/390198794/medium.jpeg,Vanessa cardui
220395507,https://inaturalist-open-data.s3.amazonaws.com/photos/390205413/medium.jpeg,Vanessa cardui
220398830,https://inaturalist-open-data.s3.amazonaws.com/photos/390212772/medium.jpg,Vanessa cardui
220403266,https://static.inaturalist.org/photos/390221495/medium.jpeg,Vanessa cardui
220404414,https://inaturalist-open-data.s3.amazonaws.com/photos/390223489/medium.jpeg,Vanessa cardui
220411689,https://inaturalist-open-data.s3.amazonaws.com/photos/390237918/medium.jpg,Vanessa cardui
220411959,https://inaturalist-open-data.s3.amazonaws.com/photos/390238544/medium.jpeg,Vanessa cardui
220414508,https://inaturalist-open-data.s3.amazonaws.com/photos/390243770/medium.jpeg,Vanessa cardui
220420046,https://inaturalist-open-data.s3.amazonaws.com/photos/390255210/medium.jpeg,Vanessa cardui
220425491,https://inaturalist-open-data.s3.amazonaws.com/photos/390264866/medium.jpeg,Vanessa cardui
220432745,https://inaturalist-open-data.s3.amazonaws.com/photos/390276471/medium.jpeg,Vanessa cardui
220439297,https://inaturalist-open-data.s3.amazonaws.com/photos/390286901/medium.jpeg,Vanessa cardui
220443096,https://static.inaturalist.org/photos/392323612/medium.jpeg,Vanessa cardui
220444368,https://static.inaturalist.org/photos/390297199/medium.jpeg,Vanessa cardui
220447145,https://inaturalist-open-data.s3.amazonaws.com/photos/390302095/medium.jpeg,Vanessa cardui
220447532,https://inaturalist-open-data.s3.amazonaws.com/photos/390302911/medium.jpeg,Vanessa cardui
220452816,https://inaturalist-open-data.s3.amazonaws.com/photos/390312467/medium.jpg,Vanessa cardui
220456087,https://inaturalist-open-data.s3.amazonaws.com/photos/390318373/medium.jpeg,Vanessa cardui
220456658,https://static.inaturalist.org/photos/403667072/medium.jpeg,Vanessa cardui
220457253,https://inaturalist-open-data.s3.amazonaws.com/photos/390320839/medium.jpg,Vanessa cardui
220457759,https://static.inaturalist.org/photos/390321541/medium.jpeg,Vanessa cardui
220462186,https://static.inaturalist.org/photos/390365443/medium.jpeg,Vanessa cardui
220462576,https://inaturalist-open-data.s3.amazonaws.com/photos/390330322/medium.jpg,Vanessa cardui
220464122,https://inaturalist-open-data.s3.amazonaws.com/photos/390333049/medium.jpeg,Vanessa cardui
220468377,https://inaturalist-open-data.s3.amazonaws.com/photos/390340093/medium.jpg,Vanessa cardui
220470255,https://inaturalist-open-data.s3.amazonaws.com/photos/390342991/medium.jpeg,Vanessa cardui
220470917,https://inaturalist-open-data.s3.amazonaws.com/photos/390344243/medium.jpg,Vanessa cardui
220472478,https://inaturalist-open-data.s3.amazonaws.com/photos/390346836/medium.jpeg,Vanessa cardui
220473147,https://inaturalist-open-data.s3.amazonaws.com/photos/390348384/medium.jpeg,Vanessa cardui
220474817,https://inaturalist-open-data.s3.amazonaws.com/photos/390351165/medium.jpeg,Vanessa cardui
220475985,https://inaturalist-open-data.s3.amazonaws.com/photos/390353488/medium.jpeg,Vanessa cardui
220478340,https://inaturalist-open-data.s3.amazonaws.com/photos/390357648/medium.jpeg,Vanessa cardui
220484041,https://inaturalist-open-data.s3.amazonaws.com/photos/390368822/medium.jpeg,Vanessa cardui
220487774,https://inaturalist-open-data.s3.amazonaws.com/photos/390375705/medium.jpeg,Vanessa cardui
220495384,https://static.inaturalist.org/photos/390390505/medium.jpg,Vanessa cardui
220499184,https://inaturalist-open-data.s3.amazonaws.com/photos/390397531/medium.jpeg,Vanessa cardui
220500642,https://inaturalist-open-data.s3.amazonaws.com/photos/390400931/medium.jpg,Vanessa cardui
220501235,https://inaturalist-open-data.s3.amazonaws.com/photos/390400271/medium.jpeg,Vanessa cardui
220507039,https://inaturalist-open-data.s3.amazonaws.com/photos/390403149/medium.jpg,Vanessa cardui
220514915,https://inaturalist-open-data.s3.amazonaws.com/photos/390425332/medium.jpeg,Vanessa cardui
220519780,https://inaturalist-open-data.s3.amazonaws.com/photos/390433216/medium.jpg,Vanessa cardui
220521852,https://inaturalist-open-data.s3.amazonaws.com/photos/390439210/medium.jpeg,Vanessa cardui
220522297,https://inaturalist-open-data.s3.amazonaws.com/photos/390439124/medium.jpeg,Vanessa cardui
220527995,https://inaturalist-open-data.s3.amazonaws.com/photos/390432588/medium.jpeg,Vanessa cardui
220529999,https://inaturalist-open-data.s3.amazonaws.com/photos/390454537/medium.jpg,Vanessa cardui
220531036,https://inaturalist-open-data.s3.amazonaws.com/photos/390456548/medium.jpg,Vanessa cardui
220535466,https://static.inaturalist.org/photos/390465642/medium.jpeg,Vanessa cardui
220539545,https://inaturalist-open-data.s3.amazonaws.com/photos/390471929/medium.jpeg,Vanessa cardui
220543541,https://inaturalist-open-data.s3.amazonaws.com/photos/390480278/medium.jpg,Vanessa cardui
220545366,https://inaturalist-open-data.s3.amazonaws.com/photos/390483721/medium.jpeg,Vanessa cardui
220548099,https://inaturalist-open-data.s3.amazonaws.com/photos/390489266/medium.jpeg,Vanessa cardui
220551735,https://static.inaturalist.org/photos/390481163/medium.jpg,Vanessa cardui
220556996,https://inaturalist-open-data.s3.amazonaws.com/photos/390505254/medium.jpeg,Vanessa cardui
220561024,https://inaturalist-open-data.s3.amazonaws.com/photos/390508553/medium.jpeg,Vanessa cardui
220563809,https://inaturalist-open-data.s3.amazonaws.com/photos/390509979/medium.jpeg,Vanessa cardui
220567575,https://inaturalist-open-data.s3.amazonaws.com/photos/390525339/medium.jpg,Vanessa cardui
220576809,https://inaturalist-open-data.s3.amazonaws.com/photos/390542549/medium.jpg,Vanessa cardui
220581118,https://inaturalist-open-data.s3.amazonaws.com/photos/390551507/medium.jpg,Vanessa cardui
220583144,https://inaturalist-open-data.s3.amazonaws.com/photos/390555528/medium.jpg,Vanessa cardui
220586925,https://inaturalist-open-data.s3.amazonaws.com/photos/390548046/medium.jpeg,Vanessa cardui
220588793,https://inaturalist-open-data.s3.amazonaws.com/photos/390566642/medium.jpeg,Vanessa cardui
220590438,https://inaturalist-open-data.s3.amazonaws.com/photos/390573429/medium.jpg,Vanessa cardui
220611817,https://inaturalist-open-data.s3.amazonaws.com/photos/390612415/medium.jpg,Vanessa cardui
220611818,https://inaturalist-open-data.s3.amazonaws.com/photos/390612418/medium.jpg,Vanessa cardui
220613025,https://inaturalist-open-data.s3.amazonaws.com/photos/390615103/medium.jpeg,Vanessa cardui
220631365,https://static.inaturalist.org/photos/390650617/medium.jpeg,Vanessa cardui
220639200,https://inaturalist-open-data.s3.amazonaws.com/photos/390665257/medium.jpeg,Vanessa cardui
220646943,https://inaturalist-open-data.s3.amazonaws.com/photos/390678837/medium.jpeg,Vanessa cardui
220647472,https://inaturalist-open-data.s3.amazonaws.com/photos/390678587/medium.jpg,Vanessa cardui
220647473,https://inaturalist-open-data.s3.amazonaws.com/photos/390678593/medium.jpg,Vanessa cardui
220655388,https://inaturalist-open-data.s3.amazonaws.com/photos/390693651/medium.jpg,Vanessa cardui
220655563,https://inaturalist-open-data.s3.amazonaws.com/photos/390693902/medium.jpeg,Vanessa cardui
220676688,https://inaturalist-open-data.s3.amazonaws.com/photos/390722382/medium.jpeg,Vanessa cardui
220677105,https://inaturalist-open-data.s3.amazonaws.com/photos/390730270/medium.jpeg,Vanessa cardui
220678798,https://inaturalist-open-data.s3.amazonaws.com/photos/390733434/medium.jpeg,Vanessa cardui
220690984,https://inaturalist-open-data.s3.amazonaws.com/photos/390755704/medium.jpeg,Vanessa cardui
220692658,https://inaturalist-open-data.s3.amazonaws.com/photos/390758578/medium.jpeg,Vanessa cardui
220696853,https://static.inaturalist.org/photos/390766280/medium.jpeg,Vanessa cardui
220698784,https://inaturalist-open-data.s3.amazonaws.com/photos/390769669/medium.jpg,Vanessa cardui
220698831,https://inaturalist-open-data.s3.amazonaws.com/photos/390769575/medium.jpeg,Vanessa cardui
220700929,https://inaturalist-open-data.s3.amazonaws.com/photos/390773091/medium.jpeg,Vanessa cardui
220705666,https://inaturalist-open-data.s3.amazonaws.com/photos/390782175/medium.jpg,Vanessa cardui
220708240,https://inaturalist-open-data.s3.amazonaws.com/photos/390786662/medium.jpg,Vanessa cardui
220716522,https://static.inaturalist.org/photos/390801705/medium.jpeg,Vanessa cardui
220716729,https://static.inaturalist.org/photos/390802017/medium.jpg,Vanessa cardui
220718256,https://inaturalist-open-data.s3.amazonaws.com/photos/390804706/medium.jpeg,Vanessa cardui
220721181,https://inaturalist-open-data.s3.amazonaws.com/photos/390810982/medium.jpeg,Vanessa cardui
220722532,https://inaturalist-open-data.s3.amazonaws.com/photos/390811891/medium.jpeg,Vanessa cardui
220724708,https://inaturalist-open-data.s3.amazonaws.com/photos/390817348/medium.jpg,Vanessa cardui
220739290,https://inaturalist-open-data.s3.amazonaws.com/photos/390840978/medium.jpeg,Vanessa cardui
220741815,https://static.inaturalist.org/photos/390849860/medium.jpg,Vanessa cardui
220752163,https://inaturalist-open-data.s3.amazonaws.com/photos/390867016/medium.jpg,Vanessa cardui
220767793,https://inaturalist-open-data.s3.amazonaws.com/photos/390153586/medium.jpg,Vanessa cardui
220813455,https://inaturalist-open-data.s3.amazonaws.com/photos/390986331/medium.jpg,Vanessa cardui
220816882,https://inaturalist-open-data.s3.amazonaws.com/photos/390993761/medium.jpeg,Vanessa cardui
220821231,https://inaturalist-open-data.s3.amazonaws.com/photos/391003245/medium.jpg,Vanessa cardui
220823886,https://inaturalist-open-data.s3.amazonaws.com/photos/391005108/medium.jpg,Vanessa cardui
220823887,https://inaturalist-open-data.s3.amazonaws.com/photos/391005114/medium.jpg,Vanessa cardui
220828626,https://static.inaturalist.org/photos/391017885/medium.jpeg,Vanessa cardui
220828685,https://static.inaturalist.org/photos/391018007/medium.jpeg,Vanessa cardui
220832501,https://static.inaturalist.org/photos/391026490/medium.jpeg,Vanessa cardui
220833566,https://inaturalist-open-data.s3.amazonaws.com/photos/391024321/medium.jpeg,Vanessa cardui
220835309,https://inaturalist-open-data.s3.amazonaws.com/photos/391031641/medium.jpeg,Vanessa cardui
220840513,https://inaturalist-open-data.s3.amazonaws.com/photos/391037782/medium.jpeg,Vanessa cardui
220848013,https://inaturalist-open-data.s3.amazonaws.com/photos/391054697/medium.jpeg,Vanessa cardui
220848283,https://static.inaturalist.org/photos/391055135/medium.jpg,Vanessa cardui
220851744,https://static.inaturalist.org/photos/391060749/medium.jpg,Vanessa cardui
220852821,https://inaturalist-open-data.s3.amazonaws.com/photos/391062448/medium.jpeg,Vanessa cardui
220852842,https://inaturalist-open-data.s3.amazonaws.com/photos/391062484/medium.jpeg,Vanessa cardui
220856255,https://static.inaturalist.org/photos/391210889/medium.jpeg,Vanessa cardui
220859021,https://inaturalist-open-data.s3.amazonaws.com/photos/391073517/medium.jpg,Vanessa cardui
220864788,https://inaturalist-open-data.s3.amazonaws.com/photos/391083473/medium.jpeg,Vanessa cardui
220868148,https://static.inaturalist.org/photos/391088869/medium.jpg,Vanessa cardui
220871974,https://static.inaturalist.org/photos/391095871/medium.jpeg,Vanessa cardui
220873627,https://inaturalist-open-data.s3.amazonaws.com/photos/391099165/medium.jpeg,Vanessa cardui
220879099,https://inaturalist-open-data.s3.amazonaws.com/photos/391107795/medium.jpg,Vanessa cardui
220879121,https://inaturalist-open-data.s3.amazonaws.com/photos/391107850/medium.jpg,Vanessa cardui
220890575,https://static.inaturalist.org/photos/391127814/medium.jpeg,Vanessa cardui
220893559,https://inaturalist-open-data.s3.amazonaws.com/photos/391132932/medium.jpg,Vanessa cardui
220900598,https://static.inaturalist.org/photos/391140362/medium.jpeg,Vanessa cardui
220904188,https://static.inaturalist.org/photos/391151918/medium.jpeg,Vanessa cardui
220904446,https://inaturalist-open-data.s3.amazonaws.com/photos/391152397/medium.jpeg,Vanessa cardui
220907776,https://inaturalist-open-data.s3.amazonaws.com/photos/391157521/medium.jpg,Vanessa cardui
220907788,https://static.inaturalist.org/photos/391158532/medium.jpeg,Vanessa cardui
220912584,https://static.inaturalist.org/photos/391167419/medium.jpeg,Vanessa cardui
220913401,https://inaturalist-open-data.s3.amazonaws.com/photos/391169180/medium.jpeg,Vanessa cardui
220914187,https://inaturalist-open-data.s3.amazonaws.com/photos/391170429/medium.jpeg,Vanessa cardui
220914666,https://static.inaturalist.org/photos/391244951/medium.jpeg,Vanessa cardui
220915332,https://inaturalist-open-data.s3.amazonaws.com/photos/391173103/medium.jpeg,Vanessa cardui
220921155,https://inaturalist-open-data.s3.amazonaws.com/photos/391183565/medium.jpeg,Vanessa cardui
220922202,https://inaturalist-open-data.s3.amazonaws.com/photos/391176966/medium.png,Vanessa cardui
220930291,https://inaturalist-open-data.s3.amazonaws.com/photos/391196467/medium.jpg,Vanessa cardui
220933761,https://inaturalist-open-data.s3.amazonaws.com/photos/391208582/medium.jpeg,Vanessa cardui
220933809,https://inaturalist-open-data.s3.amazonaws.com/photos/391209462/medium.jpg,Vanessa cardui
220934284,https://static.inaturalist.org/photos/391210376/medium.jpg,Vanessa cardui
220935188,https://static.inaturalist.org/photos/391209152/medium.jpeg,Vanessa cardui
220935215,https://static.inaturalist.org/photos/391209286/medium.jpeg,Vanessa cardui
220939285,https://static.inaturalist.org/photos/391218689/medium.jpeg,Vanessa cardui
220940026,https://static.inaturalist.org/photos/391221237/medium.jpeg,Vanessa cardui
220945659,https://inaturalist-open-data.s3.amazonaws.com/photos/391231479/medium.jpeg,Vanessa cardui
220949071,https://inaturalist-open-data.s3.amazonaws.com/photos/391237184/medium.jpg,Vanessa cardui
220950051,https://static.inaturalist.org/photos/391238804/medium.jpg,Vanessa cardui
220957109,https://inaturalist-open-data.s3.amazonaws.com/photos/391252380/medium.jpeg,Vanessa cardui
220958077,https://inaturalist-open-data.s3.amazonaws.com/photos/391239475/medium.jpeg,Vanessa cardui
220960444,https://inaturalist-open-data.s3.amazonaws.com/photos/391254681/medium.jpg,Vanessa cardui
220961378,https://inaturalist-open-data.s3.amazonaws.com/photos/391260104/medium.jpeg,Vanessa cardui
220966653,https://inaturalist-open-data.s3.amazonaws.com/photos/391270371/medium.jpg,Vanessa cardui
220970055,https://inaturalist-open-data.s3.amazonaws.com/photos/391275908/medium.jpg,Vanessa cardui
220971770,https://static.inaturalist.org/photos/391279550/medium.jpg,Vanessa cardui
220975964,https://inaturalist-open-data.s3.amazonaws.com/photos/391287941/medium.jpg,Vanessa cardui
220979575,https://inaturalist-open-data.s3.amazonaws.com/photos/391290499/medium.jpeg,Vanessa cardui
220980938,https://inaturalist-open-data.s3.amazonaws.com/photos/391296923/medium.jpeg,Vanessa cardui
220983725,https://inaturalist-open-data.s3.amazonaws.com/photos/391299203/medium.jpeg,Vanessa cardui
220984576,https://inaturalist-open-data.s3.amazonaws.com/photos/391302719/medium.jpeg,Vanessa cardui
220986557,https://inaturalist-open-data.s3.amazonaws.com/photos/391306857/medium.jpeg,Vanessa cardui
220991428,https://inaturalist-open-data.s3.amazonaws.com/photos/391317319/medium.jpg,Vanessa cardui
220992385,https://static.inaturalist.org/photos/391319245/medium.jpg,Vanessa cardui
221006786,https://inaturalist-open-data.s3.amazonaws.com/photos/391347225/medium.jpeg,Vanessa cardui
221010640,https://inaturalist-open-data.s3.amazonaws.com/photos/391353842/medium.jpeg,Vanessa cardui
221010641,https://inaturalist-open-data.s3.amazonaws.com/photos/391353363/medium.jpeg,Vanessa cardui
221030508,https://inaturalist-open-data.s3.amazonaws.com/photos/391393629/medium.jpg,Vanessa cardui
221038525,https://static.inaturalist.org/photos/391410396/medium.jpeg,Vanessa cardui
221046196,https://inaturalist-open-data.s3.amazonaws.com/photos/391426745/medium.jpeg,Vanessa cardui
221056939,https://inaturalist-open-data.s3.amazonaws.com/photos/391445973/medium.jpeg,Vanessa cardui
221064412,https://static.inaturalist.org/photos/391458059/medium.jpeg,Vanessa cardui
221065276,https://static.inaturalist.org/photos/391460054/medium.jpeg,Vanessa cardui
221066858,https://static.inaturalist.org/photos/391463083/medium.jpeg,Vanessa cardui
221066972,https://static.inaturalist.org/photos/391463273/medium.jpeg,Vanessa cardui
221067000,https://static.inaturalist.org/photos/391463321/medium.jpeg,Vanessa cardui
221067074,https://static.inaturalist.org/photos/391463455/medium.jpeg,Vanessa cardui
221067093,https://static.inaturalist.org/photos/391463520/medium.jpeg,Vanessa cardui
221069597,https://inaturalist-open-data.s3.amazonaws.com/photos/391466763/medium.png,Vanessa cardui
221070324,https://inaturalist-open-data.s3.amazonaws.com/photos/391468452/medium.jpeg,Vanessa cardui
221070325,https://inaturalist-open-data.s3.amazonaws.com/photos/391468458/medium.jpeg,Vanessa cardui
221078664,https://static.inaturalist.org/photos/391485370/medium.jpeg,Vanessa cardui
221079680,https://inaturalist-open-data.s3.amazonaws.com/photos/391488326/medium.jpeg,Vanessa cardui
221080670,https://static.inaturalist.org/photos/391631726/medium.jpeg,Vanessa cardui
221090359,https://inaturalist-open-data.s3.amazonaws.com/photos/391506330/medium.jpeg,Vanessa cardui
221092125,https://static.inaturalist.org/photos/391509776/medium.jpeg,Vanessa cardui
221096202,https://static.inaturalist.org/photos/391517738/medium.jpeg,Vanessa cardui
221100056,https://inaturalist-open-data.s3.amazonaws.com/photos/391522034/medium.jpeg,Vanessa cardui
221109840,https://inaturalist-open-data.s3.amazonaws.com/photos/391542210/medium.jpeg,Vanessa cardui
221110312,https://inaturalist-open-data.s3.amazonaws.com/photos/391543225/medium.jpeg,Vanessa cardui
221112285,https://inaturalist-open-data.s3.amazonaws.com/photos/391546126/medium.jpg,Vanessa cardui
221113972,https://static.inaturalist.org/photos/391549481/medium.jpeg,Vanessa cardui
221114686,https://inaturalist-open-data.s3.amazonaws.com/photos/391550850/medium.jpg,Vanessa cardui
221115422,https://inaturalist-open-data.s3.amazonaws.com/photos/391533253/medium.jpeg,Vanessa cardui
221116895,https://static.inaturalist.org/photos/391554314/medium.jpeg,Vanessa cardui
221116980,https://static.inaturalist.org/photos/391541427/medium.jpg,Vanessa cardui
221117627,https://static.inaturalist.org/photos/391555970/medium.jpeg,Vanessa cardui
221119845,https://static.inaturalist.org/photos/391560407/medium.jpg,Vanessa cardui
221124810,https://inaturalist-open-data.s3.amazonaws.com/photos/391569709/medium.jpg,Vanessa cardui
221127728,https://inaturalist-open-data.s3.amazonaws.com/photos/391574722/medium.jpeg,Vanessa cardui
221128040,https://inaturalist-open-data.s3.amazonaws.com/photos/391575308/medium.jpeg,Vanessa cardui
221130161,https://inaturalist-open-data.s3.amazonaws.com/photos/391579248/medium.jpeg,Vanessa cardui
221138555,https://inaturalist-open-data.s3.amazonaws.com/photos/391593820/medium.jpg,Vanessa cardui
221140674,https://inaturalist-open-data.s3.amazonaws.com/photos/391598831/medium.jpeg,Vanessa cardui
221142617,https://static.inaturalist.org/photos/391601971/medium.jpeg,Vanessa cardui
221142896,https://static.inaturalist.org/photos/391602582/medium.jpeg,Vanessa cardui
221143414,https://inaturalist-open-data.s3.amazonaws.com/photos/391603476/medium.jpeg,Vanessa cardui
221144615,https://static.inaturalist.org/photos/391605596/medium.jpg,Vanessa cardui
221146594,https://inaturalist-open-data.s3.amazonaws.com/photos/391608937/medium.jpeg,Vanessa cardui
221148317,https://inaturalist-open-data.s3.amazonaws.com/photos/391611571/medium.jpeg,Vanessa cardui
221154752,https://inaturalist-open-data.s3.amazonaws.com/photos/391624880/medium.jpeg,Vanessa cardui
221157768,https://inaturalist-open-data.s3.amazonaws.com/photos/391617146/medium.jpeg,Vanessa cardui
221161397,https://inaturalist-open-data.s3.amazonaws.com/photos/391631114/medium.jpg,Vanessa cardui
221172236,https://inaturalist-open-data.s3.amazonaws.com/photos/391658039/medium.jpeg,Vanessa cardui
221179232,https://inaturalist-open-data.s3.amazonaws.com/photos/391669133/medium.jpg,Vanessa cardui
221188217,https://static.inaturalist.org/photos/391688624/medium.jpeg,Vanessa cardui
221194075,https://inaturalist-open-data.s3.amazonaws.com/photos/391699437/medium.jpg,Vanessa cardui
221197340,https://inaturalist-open-data.s3.amazonaws.com/photos/391705746/medium.jpg,Vanessa cardui
221199672,https://inaturalist-open-data.s3.amazonaws.com/photos/391795550/medium.jpg,Vanessa cardui
221207857,https://inaturalist-open-data.s3.amazonaws.com/photos/391726212/medium.jpg,Vanessa cardui
221217901,https://inaturalist-open-data.s3.amazonaws.com/photos/391744238/medium.jpeg,Vanessa cardui
221220917,https://inaturalist-open-data.s3.amazonaws.com/photos/391753721/medium.jpeg,Vanessa cardui
221231752,https://inaturalist-open-data.s3.amazonaws.com/photos/391775084/medium.jpeg,Vanessa cardui
221234051,https://inaturalist-open-data.s3.amazonaws.com/photos/391776401/medium.jpg,Vanessa cardui
221234052,https://inaturalist-open-data.s3.amazonaws.com/photos/391776409/medium.jpg,Vanessa cardui
221234054,https://inaturalist-open-data.s3.amazonaws.com/photos/391776399/medium.jpg,Vanessa cardui
221234055,https://inaturalist-open-data.s3.amazonaws.com/photos/391776428/medium.jpg,Vanessa cardui
221234056,https://inaturalist-open-data.s3.amazonaws.com/photos/391776435/medium.jpg,Vanessa cardui
221234057,https://inaturalist-open-data.s3.amazonaws.com/photos/391776425/medium.jpg,Vanessa cardui
221236973,https://inaturalist-open-data.s3.amazonaws.com/photos/391785139/medium.jpeg,Vanessa cardui
221243873,https://inaturalist-open-data.s3.amazonaws.com/photos/391798780/medium.jpeg,Vanessa cardui
221250967,https://inaturalist-open-data.s3.amazonaws.com/photos/391781076/medium.jpeg,Vanessa cardui
221251272,https://inaturalist-open-data.s3.amazonaws.com/photos/391812943/medium.jpeg,Vanessa cardui
221252463,https://inaturalist-open-data.s3.amazonaws.com/photos/391814050/medium.jpeg,Vanessa cardui
221253112,https://inaturalist-open-data.s3.amazonaws.com/photos/391815749/medium.jpeg,Vanessa cardui
221256431,https://inaturalist-open-data.s3.amazonaws.com/photos/391821396/medium.jpeg,Vanessa cardui
221256448,https://inaturalist-open-data.s3.amazonaws.com/photos/391821452/medium.jpeg,Vanessa cardui
221268892,https://static.inaturalist.org/photos/391843836/medium.jpeg,Vanessa cardui
221269280,https://static.inaturalist.org/photos/391844554/medium.jpeg,Vanessa cardui
221269345,https://static.inaturalist.org/photos/391844634/medium.jpeg,Vanessa cardui
221269765,https://inaturalist-open-data.s3.amazonaws.com/photos/391845249/medium.jpeg,Vanessa cardui
221270817,https://static.inaturalist.org/photos/391846855/medium.jpg,Vanessa cardui
221272083,https://inaturalist-open-data.s3.amazonaws.com/photos/391848945/medium.jpg,Vanessa cardui
221277324,https://inaturalist-open-data.s3.amazonaws.com/photos/391858039/medium.jpeg,Vanessa cardui
221285384,https://static.inaturalist.org/photos/391882630/medium.jpeg,Vanessa cardui
221285564,https://inaturalist-open-data.s3.amazonaws.com/photos/391872581/medium.jpg,Vanessa cardui
221285682,https://inaturalist-open-data.s3.amazonaws.com/photos/391872802/medium.jpg,Vanessa cardui
221285817,https://static.inaturalist.org/photos/391875294/medium.jpeg,Vanessa cardui
221286108,https://static.inaturalist.org/photos/393692926/medium.jpeg,Vanessa cardui
221296102,https://inaturalist-open-data.s3.amazonaws.com/photos/391890394/medium.jpeg,Vanessa cardui
221301421,https://static.inaturalist.org/photos/391900175/medium.jpeg,Vanessa cardui
221303294,https://static.inaturalist.org/photos/391903357/medium.jpg,Vanessa cardui
221306315,https://static.inaturalist.org/photos/391908700/medium.jpeg,Vanessa cardui
221318519,https://inaturalist-open-data.s3.amazonaws.com/photos/391930014/medium.jpeg,Vanessa cardui
221320806,https://inaturalist-open-data.s3.amazonaws.com/photos/391933694/medium.jpg,Vanessa cardui
221327493,https://inaturalist-open-data.s3.amazonaws.com/photos/391944719/medium.jpeg,Vanessa cardui
221328008,https://inaturalist-open-data.s3.amazonaws.com/photos/391945086/medium.jpg,Vanessa cardui
221328864,https://static.inaturalist.org/photos/391946899/medium.jpg,Vanessa cardui
221334522,https://inaturalist-open-data.s3.amazonaws.com/photos/391956118/medium.jpeg,Vanessa cardui
221340101,https://inaturalist-open-data.s3.amazonaws.com/photos/391966877/medium.jpeg,Vanessa cardui
221346101,https://inaturalist-open-data.s3.amazonaws.com/photos/391977694/medium.jpeg,Vanessa cardui
221360503,https://inaturalist-open-data.s3.amazonaws.com/photos/392002663/medium.jpeg,Vanessa cardui
221368107,https://inaturalist-open-data.s3.amazonaws.com/photos/392016361/medium.jpeg,Vanessa cardui
221371678,https://inaturalist-open-data.s3.amazonaws.com/photos/392022985/medium.jpeg,Vanessa cardui
221374666,https://inaturalist-open-data.s3.amazonaws.com/photos/392028143/medium.jpeg,Vanessa cardui
221378183,https://inaturalist-open-data.s3.amazonaws.com/photos/392024013/medium.jpeg,Vanessa cardui
221382493,https://inaturalist-open-data.s3.amazonaws.com/photos/392041822/medium.jpeg,Vanessa cardui
221383691,https://inaturalist-open-data.s3.amazonaws.com/photos/392044527/medium.jpeg,Vanessa cardui
221389753,https://inaturalist-open-data.s3.amazonaws.com/photos/392055636/medium.jpeg,Vanessa cardui
221402141,https://inaturalist-open-data.s3.amazonaws.com/photos/392077777/medium.jpg,Vanessa cardui
221404202,https://inaturalist-open-data.s3.amazonaws.com/photos/392082788/medium.jpeg,Vanessa cardui
221409685,https://inaturalist-open-data.s3.amazonaws.com/photos/392093119/medium.jpg,Vanessa cardui
221409874,https://inaturalist-open-data.s3.amazonaws.com/photos/392093505/medium.jpg,Vanessa cardui
221415992,https://inaturalist-open-data.s3.amazonaws.com/photos/392105000/medium.jpg,Vanessa cardui
221424751,https://inaturalist-open-data.s3.amazonaws.com/photos/392115060/medium.jpeg,Vanessa cardui
221425081,https://static.inaturalist.org/photos/392122816/medium.jpeg,Vanessa cardui
221435284,https://inaturalist-open-data.s3.amazonaws.com/photos/392142540/medium.jpeg,Arctotheca calendula
221435426,https://inaturalist-open-data.s3.amazonaws.com/photos/392142852/medium.jpeg,Vanessa cardui
221437391,https://static.inaturalist.org/photos/392146329/medium.jpg,Vanessa cardui
221439514,https://inaturalist-open-data.s3.amazonaws.com/photos/392150523/medium.jpeg,Vanessa cardui
221441366,https://inaturalist-open-data.s3.amazonaws.com/photos/392153569/medium.jpg,Vanessa cardui
221452250,https://inaturalist-open-data.s3.amazonaws.com/photos/392175875/medium.jpg,Vanessa cardui
221455905,https://static.inaturalist.org/photos/392182515/medium.jpeg,Vanessa cardui
221458554,https://inaturalist-open-data.s3.amazonaws.com/photos/392187061/medium.jpg,Vanessa cardui
221466190,https://static.inaturalist.org/photos/392201857/medium.jpg,Vanessa cardui
221467146,https://inaturalist-open-data.s3.amazonaws.com/photos/392202997/medium.jpg,Vanessa cardui
221470937,https://inaturalist-open-data.s3.amazonaws.com/photos/392211174/medium.jpeg,Vanessa cardui
221489529,https://inaturalist-open-data.s3.amazonaws.com/photos/392246838/medium.jpg,Vanessa cardui
221493708,https://static.inaturalist.org/photos/391441557/medium.jpeg,Vanessa cardui
221499446,https://inaturalist-open-data.s3.amazonaws.com/photos/392267664/medium.jpg,Vanessa cardui
221504559,https://inaturalist-open-data.s3.amazonaws.com/photos/392277394/medium.jpeg,Vanessa cardui
221507985,https://inaturalist-open-data.s3.amazonaws.com/photos/392283688/medium.jpeg,Vanessa cardui
221520117,https://inaturalist-open-data.s3.amazonaws.com/photos/392304524/medium.jpg,Vanessa cardui
221529733,https://inaturalist-open-data.s3.amazonaws.com/photos/392322407/medium.jpeg,Vanessa cardui
221530388,https://inaturalist-open-data.s3.amazonaws.com/photos/392323839/medium.jpeg,Vanessa cardui
221531505,https://inaturalist-open-data.s3.amazonaws.com/photos/392325421/medium.jpeg,Vanessa cardui
221537321,https://inaturalist-open-data.s3.amazonaws.com/photos/392335384/medium.jpeg,Vanessa cardui
221542790,https://static.inaturalist.org/photos/392345369/medium.jpeg,Vanessa cardui
221544288,https://inaturalist-open-data.s3.amazonaws.com/photos/392054652/medium.jpeg,Vanessa cardui
221550677,https://inaturalist-open-data.s3.amazonaws.com/photos/392357017/medium.jpeg,Vanessa cardui
221552424,https://inaturalist-open-data.s3.amazonaws.com/photos/392362356/medium.jpg,Vanessa cardui
221556125,https://inaturalist-open-data.s3.amazonaws.com/photos/392368959/medium.jpeg,Vanessa cardui
221563191,https://inaturalist-open-data.s3.amazonaws.com/photos/392381049/medium.jpeg,Vanessa cardui
221563953,https://inaturalist-open-data.s3.amazonaws.com/photos/392382134/medium.jpg,Vanessa cardui
221564483,https://inaturalist-open-data.s3.amazonaws.com/photos/392383385/medium.jpeg,Vanessa cardui
221565949,https://inaturalist-open-data.s3.amazonaws.com/photos/392385724/medium.jpg,Vanessa cardui
221575292,https://inaturalist-open-data.s3.amazonaws.com/photos/392402923/medium.jpeg,Vanessa cardui
221577864,https://inaturalist-open-data.s3.amazonaws.com/photos/392406899/medium.jpg,Vanessa cardui
221582537,https://inaturalist-open-data.s3.amazonaws.com/photos/392415292/medium.jpg,Vanessa cardui
221586946,https://inaturalist-open-data.s3.amazonaws.com/photos/392498300/medium.jpeg,Vanessa cardui
221587831,https://inaturalist-open-data.s3.amazonaws.com/photos/392476082/medium.jpg,Vanessa cardui
221590112,https://inaturalist-open-data.s3.amazonaws.com/photos/392401355/medium.jpg,Vanessa cardui
221590312,https://inaturalist-open-data.s3.amazonaws.com/photos/392024347/medium.jpg,Vanessa cardui
221593008,https://inaturalist-open-data.s3.amazonaws.com/photos/392432553/medium.jpeg,Vanessa cardui
221595852,https://static.inaturalist.org/photos/392439365/medium.jpeg,Vanessa cardui
221597060,https://inaturalist-open-data.s3.amazonaws.com/photos/392439545/medium.jpeg,Vanessa cardui
221597177,https://inaturalist-open-data.s3.amazonaws.com/photos/392440685/medium.jpeg,Vanessa cardui
221599371,https://static.inaturalist.org/photos/392445276/medium.jpg,Vanessa cardui
221601693,https://static.inaturalist.org/photos/392448969/medium.jpeg,Vanessa cardui
221603977,https://static.inaturalist.org/photos/392453314/medium.jpeg,Vanessa cardui
221606849,https://inaturalist-open-data.s3.amazonaws.com/photos/392459049/medium.jpeg,Vanessa cardui
221607406,https://inaturalist-open-data.s3.amazonaws.com/photos/392441203/medium.jpeg,Vanessa cardui
221608969,https://inaturalist-open-data.s3.amazonaws.com/photos/392447689/medium.png,Vanessa cardui
221609007,https://inaturalist-open-data.s3.amazonaws.com/photos/392448865/medium.png,Vanessa cardui
221609497,https://static.inaturalist.org/photos/392531311/medium.jpg,Vanessa cardui
221610347,https://inaturalist-open-data.s3.amazonaws.com/photos/392465484/medium.jpg,Vanessa cardui
221615931,https://static.inaturalist.org/photos/392497809/medium.jpeg,Vanessa cardui
221617452,https://static.inaturalist.org/photos/392478133/medium.jpg,Vanessa cardui
221620779,https://inaturalist-open-data.s3.amazonaws.com/photos/392471588/medium.jpg,Vanessa cardui
221621865,https://inaturalist-open-data.s3.amazonaws.com/photos/392487343/medium.jpeg,Vanessa cardui
221623792,https://inaturalist-open-data.s3.amazonaws.com/photos/392490845/medium.jpeg,Vanessa cardui
221623825,https://inaturalist-open-data.s3.amazonaws.com/photos/392490903/medium.jpeg,Vanessa cardui
221627272,https://inaturalist-open-data.s3.amazonaws.com/photos/392496199/medium.jpg,Vanessa cardui
221630982,https://inaturalist-open-data.s3.amazonaws.com/photos/392504324/medium.jpeg,Vanessa cardui
221631700,https://static.inaturalist.org/photos/392505751/medium.jpeg,Vanessa cardui
221632334,https://static.inaturalist.org/photos/392501062/medium.jpg,Vanessa cardui
221635912,https://inaturalist-open-data.s3.amazonaws.com/photos/392502043/medium.jpeg,Vanessa cardui
221640438,https://static.inaturalist.org/photos/392517303/medium.jpeg,Vanessa cardui
221640662,https://inaturalist-open-data.s3.amazonaws.com/photos/392522057/medium.jpg,Vanessa cardui
221641861,https://inaturalist-open-data.s3.amazonaws.com/photos/392514168/medium.jpeg,Vanessa cardui
221643138,https://inaturalist-open-data.s3.amazonaws.com/photos/392526229/medium.jpeg,Vanessa cardui
221643139,https://inaturalist-open-data.s3.amazonaws.com/photos/392526222/medium.jpeg,Vanessa cardui
221650053,https://inaturalist-open-data.s3.amazonaws.com/photos/392497578/medium.jpeg,Vanessa cardui
221652255,https://inaturalist-open-data.s3.amazonaws.com/photos/392543022/medium.jpg,Vanessa cardui
221654227,https://inaturalist-open-data.s3.amazonaws.com/photos/392518352/medium.jpg,Vanessa cardui
221656122,https://static.inaturalist.org/photos/392549819/medium.jpg,Vanessa cardui
221659693,https://static.inaturalist.org/photos/392555491/medium.jpg,Vanessa cardui
221664758,https://inaturalist-open-data.s3.amazonaws.com/photos/392564578/medium.jpg,Vanessa cardui
221669832,https://inaturalist-open-data.s3.amazonaws.com/photos/392571753/medium.jpg,Vanessa cardui
221673193,https://inaturalist-open-data.s3.amazonaws.com/photos/392579419/medium.jpg,Vanessa cardui
221674021,https://inaturalist-open-data.s3.amazonaws.com/photos/392582855/medium.jpeg,Vanessa cardui
221678232,https://inaturalist-open-data.s3.amazonaws.com/photos/392590917/medium.jpeg,Vanessa cardui
221685125,https://inaturalist-open-data.s3.amazonaws.com/photos/392604320/medium.jpg,Vanessa cardui
221693183,https://static.inaturalist.org/photos/392618965/medium.jpg,Vanessa cardui
221701606,https://inaturalist-open-data.s3.amazonaws.com/photos/392635273/medium.jpg,Vanessa cardui
221705448,https://inaturalist-open-data.s3.amazonaws.com/photos/392642244/medium.jpeg,Vanessa cardui
221728493,https://inaturalist-open-data.s3.amazonaws.com/photos/392684662/medium.jpeg,Vanessa cardui
221732661,https://inaturalist-open-data.s3.amazonaws.com/photos/392672569/medium.jpg,Vanessa cardui
221734145,https://inaturalist-open-data.s3.amazonaws.com/photos/392696991/medium.jpg,Vanessa cardui
221741499,https://inaturalist-open-data.s3.amazonaws.com/photos/392893781/medium.jpeg,Vanessa cardui
221742794,https://inaturalist-open-data.s3.amazonaws.com/photos/392715331/medium.jpeg,Vanessa cardui
221746350,https://inaturalist-open-data.s3.amazonaws.com/photos/392722924/medium.jpg,Vanessa cardui
221747082,https://inaturalist-open-data.s3.amazonaws.com/photos/392724210/medium.jpeg,Vanessa cardui
221748140,https://inaturalist-open-data.s3.amazonaws.com/photos/392726971/medium.jpg,Vanessa cardui
221753200,https://inaturalist-open-data.s3.amazonaws.com/photos/392737730/medium.jpeg,Vanessa cardui
221753817,https://static.inaturalist.org/photos/392739049/medium.jpg,Vanessa cardui
221756032,https://static.inaturalist.org/photos/392743315/medium.jpeg,Vanessa cardui
221756432,https://inaturalist-open-data.s3.amazonaws.com/photos/392744248/medium.jpg,Vanessa cardui
221759068,https://inaturalist-open-data.s3.amazonaws.com/photos/392749468/medium.jpeg,Vanessa cardui
221759314,https://static.inaturalist.org/photos/392750021/medium.jpeg,Vanessa cardui
221759356,https://static.inaturalist.org/photos/392750120/medium.jpeg,Vanessa cardui
221759423,https://static.inaturalist.org/photos/392750302/medium.jpeg,Vanessa cardui
221771212,https://inaturalist-open-data.s3.amazonaws.com/photos/392773293/medium.png,Vanessa cardui
221775180,https://inaturalist-open-data.s3.amazonaws.com/photos/392780205/medium.jpeg,Vanessa cardui
221777021,https://inaturalist-open-data.s3.amazonaws.com/photos/392783558/medium.jpeg,Vanessa cardui
221778798,https://inaturalist-open-data.s3.amazonaws.com/photos/392786837/medium.jpg,Vanessa cardui
221781752,https://static.inaturalist.org/photos/392789178/medium.jpeg,Vanessa cardui
221782088,https://inaturalist-open-data.s3.amazonaws.com/photos/392791056/medium.jpeg,Vanessa cardui
221787118,https://inaturalist-open-data.s3.amazonaws.com/photos/392798949/medium.jpg,Vanessa cardui
221791326,https://inaturalist-open-data.s3.amazonaws.com/photos/392808499/medium.jpeg,Vanessa cardui
221795599,https://static.inaturalist.org/photos/392816497/medium.jpeg,Vanessa cardui
221796582,https://inaturalist-open-data.s3.amazonaws.com/photos/392817990/medium.jpg,Vanessa cardui
221797727,https://inaturalist-open-data.s3.amazonaws.com/photos/392820360/medium.jpeg,Vanessa cardui
221800161,https://inaturalist-open-data.s3.amazonaws.com/photos/392824561/medium.jpeg,Vanessa cardui
221802254,https://inaturalist-open-data.s3.amazonaws.com/photos/392824792/medium.jpg,Vanessa cardui
221806422,https://inaturalist-open-data.s3.amazonaws.com/photos/392834587/medium.jpg,Vanessa cardui
221814538,https://inaturalist-open-data.s3.amazonaws.com/photos/392850499/medium.jpeg,Vanessa cardui
221820847,https://inaturalist-open-data.s3.amazonaws.com/photos/392861847/medium.jpeg,Vanessa cardui
221821586,https://inaturalist-open-data.s3.amazonaws.com/photos/392863227/medium.jpeg,Vanessa cardui
221824943,https://inaturalist-open-data.s3.amazonaws.com/photos/392868789/medium.jpg,Vanessa cardui
221829213,https://inaturalist-open-data.s3.amazonaws.com/photos/392874036/medium.jpeg,Vanessa cardui
221829309,https://inaturalist-open-data.s3.amazonaws.com/photos/392872037/medium.jpeg,Vanessa cardui
221831885,https://inaturalist-open-data.s3.amazonaws.com/photos/392880781/medium.jpeg,Vanessa cardui
221833351,https://inaturalist-open-data.s3.amazonaws.com/photos/392905878/medium.jpeg,Vanessa cardui
221835184,https://inaturalist-open-data.s3.amazonaws.com/photos/392888317/medium.jpeg,Vanessa cardui
221838232,https://inaturalist-open-data.s3.amazonaws.com/photos/392894296/medium.jpeg,Vanessa cardui
221838911,https://inaturalist-open-data.s3.amazonaws.com/photos/392895773/medium.jpeg,Vanessa cardui
221840963,https://static.inaturalist.org/photos/392899658/medium.jpeg,Vanessa cardui
221852386,https://inaturalist-open-data.s3.amazonaws.com/photos/392918582/medium.jpg,Vanessa cardui
221856014,https://static.inaturalist.org/photos/392926974/medium.jpeg,Vanessa cardui
221861508,https://inaturalist-open-data.s3.amazonaws.com/photos/392936746/medium.jpeg,Vanessa cardui
221861597,https://inaturalist-open-data.s3.amazonaws.com/photos/392936903/medium.jpeg,Vanessa cardui
221867351,https://inaturalist-open-data.s3.amazonaws.com/photos/392947609/medium.jpg,Vanessa cardui
221867610,https://inaturalist-open-data.s3.amazonaws.com/photos/392947728/medium.jpg,Vanessa cardui
221869027,https://static.inaturalist.org/photos/392951086/medium.jpg,Vanessa cardui
221870912,https://inaturalist-open-data.s3.amazonaws.com/photos/392954968/medium.jpeg,Vanessa cardui
221871448,https://inaturalist-open-data.s3.amazonaws.com/photos/392949123/medium.jpeg,Vanessa cardui
221871933,https://inaturalist-open-data.s3.amazonaws.com/photos/392945308/medium.jpg,Vanessa cardui
221882232,https://inaturalist-open-data.s3.amazonaws.com/photos/392975454/medium.jpg,Vanessa cardui
221882270,https://inaturalist-open-data.s3.amazonaws.com/photos/392973666/medium.jpeg,Vanessa cardui
221884218,https://inaturalist-open-data.s3.amazonaws.com/photos/392978739/medium.jpg,Vanessa cardui
221887745,https://static.inaturalist.org/photos/392985383/medium.jpeg,Vanessa cardui
221890033,https://static.inaturalist.org/photos/392987591/medium.jpg,Vanessa cardui
221890694,https://inaturalist-open-data.s3.amazonaws.com/photos/392991588/medium.jpeg,Vanessa cardui
221895503,https://inaturalist-open-data.s3.amazonaws.com/photos/392999651/medium.jpg,Vanessa cardui
221906658,https://static.inaturalist.org/photos/393020887/medium.jpg,Vanessa cardui
221911829,https://inaturalist-open-data.s3.amazonaws.com/photos/393030309/medium.jpg,Vanessa cardui
221912467,https://static.inaturalist.org/photos/393031888/medium.jpg,Vanessa cardui
221913900,https://inaturalist-open-data.s3.amazonaws.com/photos/393033912/medium.jpg,Vanessa cardui
221915663,https://static.inaturalist.org/photos/393037266/medium.jpg,Vanessa cardui
221923417,https://static.inaturalist.org/photos/393053092/medium.jpeg,Vanessa cardui
221937618,https://inaturalist-open-data.s3.amazonaws.com/photos/393081443/medium.jpeg,Vanessa cardui
221950320,https://inaturalist-open-data.s3.amazonaws.com/photos/393107439/medium.jpeg,Vanessa cardui
221960562,https://inaturalist-open-data.s3.amazonaws.com/photos/393120852/medium.jpeg,Vanessa cardui
221965133,https://inaturalist-open-data.s3.amazonaws.com/photos/393136242/medium.jpeg,Vanessa cardui
221970202,https://inaturalist-open-data.s3.amazonaws.com/photos/393146353/medium.jpg,Vanessa cardui
221974667,https://inaturalist-open-data.s3.amazonaws.com/photos/393155649/medium.jpg,Vanessa cardui
221974909,https://inaturalist-open-data.s3.amazonaws.com/photos/393156092/medium.jpg,Vanessa cardui
221981351,https://inaturalist-open-data.s3.amazonaws.com/photos/393168027/medium.jpeg,Vanessa cardui
221985058,https://static.inaturalist.org/photos/393174984/medium.jpeg,Vanessa cardui
221986567,https://inaturalist-open-data.s3.amazonaws.com/photos/393178261/medium.jpeg,Vanessa cardui
221989660,https://inaturalist-open-data.s3.amazonaws.com/photos/393183760/medium.jpeg,Vanessa cardui
221998827,https://inaturalist-open-data.s3.amazonaws.com/photos/393581140/medium.jpeg,Vanessa cardui
222001207,https://inaturalist-open-data.s3.amazonaws.com/photos/393203457/medium.jpeg,Vanessa cardui
222005687,https://inaturalist-open-data.s3.amazonaws.com/photos/393212519/medium.jpg,Vanessa cardui
222011996,https://inaturalist-open-data.s3.amazonaws.com/photos/393223358/medium.jpeg,Vanessa cardui
222014002,https://inaturalist-open-data.s3.amazonaws.com/photos/393232073/medium.jpg,Vanessa cardui
222015119,https://inaturalist-open-data.s3.amazonaws.com/photos/393228889/medium.jpg,Vanessa cardui
222017618,https://inaturalist-open-data.s3.amazonaws.com/photos/393233820/medium.jpeg,Vanessa cardui
222023287,https://inaturalist-open-data.s3.amazonaws.com/photos/393244259/medium.jpg,Vanessa cardui
222026101,https://static.inaturalist.org/photos/393249101/medium.jpeg,Vanessa cardui
222031983,https://inaturalist-open-data.s3.amazonaws.com/photos/393259033/medium.jpeg,Vanessa cardui
222038288,https://inaturalist-open-data.s3.amazonaws.com/photos/393270843/medium.jpeg,Vanessa cardui
222038430,https://inaturalist-open-data.s3.amazonaws.com/photos/393275197/medium.jpg,Vanessa cardui
222040038,https://static.inaturalist.org/photos/393274686/medium.jpeg,Vanessa cardui
222052584,https://static.inaturalist.org/photos/393297586/medium.jpg,Vanessa cardui
222054092,https://static.inaturalist.org/photos/393300297/medium.jpeg,Vanessa cardui
222054459,https://inaturalist-open-data.s3.amazonaws.com/photos/393296873/medium.jpeg,Vanessa cardui
222054460,https://inaturalist-open-data.s3.amazonaws.com/photos/393296885/medium.jpeg,Vanessa cardui
222054461,https://inaturalist-open-data.s3.amazonaws.com/photos/393296929/medium.jpeg,Vanessa cardui
222055111,https://inaturalist-open-data.s3.amazonaws.com/photos/393302445/medium.jpg,Vanessa cardui
222055435,https://inaturalist-open-data.s3.amazonaws.com/photos/393302772/medium.jpg,Vanessa cardui
222056674,https://inaturalist-open-data.s3.amazonaws.com/photos/393304688/medium.jpeg,Vanessa cardui
222059645,https://inaturalist-open-data.s3.amazonaws.com/photos/393306883/medium.jpeg,Vanessa cardui
222059820,https://static.inaturalist.org/photos/393310980/medium.jpeg,Vanessa cardui
222060842,https://inaturalist-open-data.s3.amazonaws.com/photos/393312750/medium.jpeg,Vanessa cardui
222061809,https://static.inaturalist.org/photos/393314013/medium.jpg,Vanessa cardui
222062026,https://inaturalist-open-data.s3.amazonaws.com/photos/393314999/medium.jpg,Vanessa cardui
222062388,https://inaturalist-open-data.s3.amazonaws.com/photos/393315319/medium.jpg,Vanessa cardui
222064885,https://static.inaturalist.org/photos/393319431/medium.jpg,Vanessa cardui
222066994,https://inaturalist-open-data.s3.amazonaws.com/photos/393323330/medium.jpeg,Vanessa cardui
222069523,https://inaturalist-open-data.s3.amazonaws.com/photos/393328118/medium.jpg,Vanessa cardui
222076765,https://inaturalist-open-data.s3.amazonaws.com/photos/393339960/medium.jpeg,Vanessa cardui
222078580,https://inaturalist-open-data.s3.amazonaws.com/photos/393345165/medium.jpeg,Vanessa cardui
222080478,https://inaturalist-open-data.s3.amazonaws.com/photos/393348603/medium.jpeg,Vanessa cardui
222083249,https://inaturalist-open-data.s3.amazonaws.com/photos/393353515/medium.jpg,Vanessa cardui
222085395,https://inaturalist-open-data.s3.amazonaws.com/photos/393358493/medium.jpeg,Vanessa cardui
222086031,https://inaturalist-open-data.s3.amazonaws.com/photos/393359695/medium.jpg,Vanessa cardui
222086258,https://static.inaturalist.org/photos/393350118/medium.jpeg,Vanessa cardui
222087482,https://inaturalist-open-data.s3.amazonaws.com/photos/393362736/medium.jpg,Vanessa cardui
222087943,https://static.inaturalist.org/photos/393356839/medium.jpeg,Vanessa cardui
222096477,https://static.inaturalist.org/photos/393378505/medium.jpeg,Vanessa cardui
222101540,https://inaturalist-open-data.s3.amazonaws.com/photos/393380659/medium.jpg,Vanessa cardui
222109665,https://inaturalist-open-data.s3.amazonaws.com/photos/393401898/medium.jpg,Vanessa cardui
222110308,https://inaturalist-open-data.s3.amazonaws.com/photos/393404685/medium.jpeg,Vanessa cardui
222115707,https://static.inaturalist.org/photos/393415319/medium.jpeg,Vanessa cardui
222119218,https://inaturalist-open-data.s3.amazonaws.com/photos/393422327/medium.jpg,Vanessa cardui
222123286,https://inaturalist-open-data.s3.amazonaws.com/photos/393431754/medium.jpeg,Vanessa cardui
222127027,https://static.inaturalist.org/photos/393438029/medium.jpeg,Vanessa cardui
222128541,https://inaturalist-open-data.s3.amazonaws.com/photos/393440382/medium.jpg,Vanessa cardui
222130404,https://inaturalist-open-data.s3.amazonaws.com/photos/393444728/medium.jpeg,Vanessa cardui
222131775,https://inaturalist-open-data.s3.amazonaws.com/photos/393447896/medium.jpg,Vanessa cardui
222136733,https://inaturalist-open-data.s3.amazonaws.com/photos/393457710/medium.jpg,Vanessa cardui
222140984,https://inaturalist-open-data.s3.amazonaws.com/photos/393465576/medium.jpg,Vanessa cardui
222141046,https://inaturalist-open-data.s3.amazonaws.com/photos/393464643/medium.jpg,Vanessa cardui
222145096,https://inaturalist-open-data.s3.amazonaws.com/photos/393472351/medium.jpeg,Vanessa cardui
222151670,https://inaturalist-open-data.s3.amazonaws.com/photos/393485762/medium.jpg,Vanessa cardui
222157801,https://inaturalist-open-data.s3.amazonaws.com/photos/393496792/medium.jpeg,Vanessa cardui
222159971,https://inaturalist-open-data.s3.amazonaws.com/photos/393502339/medium.jpg,Vanessa cardui
222160308,https://inaturalist-open-data.s3.amazonaws.com/photos/393502953/medium.jpg,Vanessa cardui
222162302,https://inaturalist-open-data.s3.amazonaws.com/photos/393509542/medium.jpg,Vanessa cardui
222171005,https://static.inaturalist.org/photos/393523985/medium.jpg,Vanessa cardui
222172550,https://inaturalist-open-data.s3.amazonaws.com/photos/393524251/medium.jpg,Vanessa cardui
222173249,https://inaturalist-open-data.s3.amazonaws.com/photos/393528526/medium.jpg,Vanessa cardui
222177996,https://inaturalist-open-data.s3.amazonaws.com/photos/393535832/medium.jpeg,Vanessa cardui
222177997,https://inaturalist-open-data.s3.amazonaws.com/photos/393535898/medium.jpeg,Vanessa cardui
222181373,https://inaturalist-open-data.s3.amazonaws.com/photos/393545317/medium.jpeg,Vanessa cardui
222182361,https://inaturalist-open-data.s3.amazonaws.com/photos/393547047/medium.jpeg,Vanessa cardui
222195450,https://inaturalist-open-data.s3.amazonaws.com/photos/393571590/medium.jpeg,Vanessa cardui
222204388,https://inaturalist-open-data.s3.amazonaws.com/photos/393589364/medium.jpg,Vanessa cardui
222207622,https://static.inaturalist.org/photos/393595362/medium.jpeg,Vanessa cardui
222208886,https://inaturalist-open-data.s3.amazonaws.com/photos/393597399/medium.jpeg,Vanessa cardui
222212735,https://inaturalist-open-data.s3.amazonaws.com/photos/393603698/medium.jpg,Vanessa cardui
222214014,https://static.inaturalist.org/photos/393606265/medium.jpeg,Vanessa cardui
222214682,https://inaturalist-open-data.s3.amazonaws.com/photos/393607217/medium.jpeg,Vanessa cardui
222222328,https://inaturalist-open-data.s3.amazonaws.com/photos/393614815/medium.jpg,Vanessa cardui
222223348,https://inaturalist-open-data.s3.amazonaws.com/photos/393623033/medium.jpg,Vanessa cardui
222227634,https://static.inaturalist.org/photos/393628410/medium.jpeg,Vanessa cardui
222231605,https://inaturalist-open-data.s3.amazonaws.com/photos/393636207/medium.jpeg,Vanessa cardui
222231616,https://inaturalist-open-data.s3.amazonaws.com/photos/393636223/medium.jpeg,Vanessa cardui
222236914,https://static.inaturalist.org/photos/393647366/medium.jpeg,Vanessa cardui
222238821,https://inaturalist-open-data.s3.amazonaws.com/photos/393650391/medium.jpg,Vanessa cardui
222240492,https://static.inaturalist.org/photos/393653382/medium.jpeg,Vanessa cardui
222247627,https://inaturalist-open-data.s3.amazonaws.com/photos/393665322/medium.jpg,Vanessa cardui
222250284,https://inaturalist-open-data.s3.amazonaws.com/photos/393667962/medium.jpeg,Vanessa cardui
222259879,https://inaturalist-open-data.s3.amazonaws.com/photos/393687109/medium.jpg,Vanessa cardui
222261765,https://inaturalist-open-data.s3.amazonaws.com/photos/393690804/medium.jpg,Vanessa cardui
222262663,https://static.inaturalist.org/photos/393692448/medium.jpg,Vanessa cardui
222263635,https://inaturalist-open-data.s3.amazonaws.com/photos/393694635/medium.jpg,Vanessa cardui
222265928,https://inaturalist-open-data.s3.amazonaws.com/photos/393696010/medium.jpeg,Vanessa cardui
222270360,https://inaturalist-open-data.s3.amazonaws.com/photos/393706903/medium.jpg,Vanessa cardui
222271821,https://inaturalist-open-data.s3.amazonaws.com/photos/393703973/medium.jpg,Vanessa cardui
222274323,https://inaturalist-open-data.s3.amazonaws.com/photos/393707902/medium.jpeg,Vanessa cardui
222277016,https://inaturalist-open-data.s3.amazonaws.com/photos/393719239/medium.jpeg,Vanessa cardui
222283728,https://static.inaturalist.org/photos/393731598/medium.jpg,Vanessa cardui
222283787,https://inaturalist-open-data.s3.amazonaws.com/photos/393731771/medium.jpeg,Vanessa cardui
222294014,https://inaturalist-open-data.s3.amazonaws.com/photos/393743992/medium.jpeg,Vanessa cardui
222294023,https://inaturalist-open-data.s3.amazonaws.com/photos/393744573/medium.jpeg,Vanessa cardui
222298089,https://inaturalist-open-data.s3.amazonaws.com/photos/393759463/medium.jpeg,Vanessa cardui
222298099,https://inaturalist-open-data.s3.amazonaws.com/photos/393759649/medium.jpeg,Vanessa cardui
222299240,https://inaturalist-open-data.s3.amazonaws.com/photos/394029319/medium.jpg,Vanessa cardui
222306490,https://inaturalist-open-data.s3.amazonaws.com/photos/393775259/medium.jpeg,Vanessa cardui
222310208,https://static.inaturalist.org/photos/393782375/medium.jpeg,Vanessa cardui
222317405,https://inaturalist-open-data.s3.amazonaws.com/photos/393789951/medium.jpeg,Vanessa cardui
222317791,https://inaturalist-open-data.s3.amazonaws.com/photos/393796656/medium.jpg,Vanessa cardui
222318526,https://inaturalist-open-data.s3.amazonaws.com/photos/393793684/medium.jpeg,Vanessa cardui
222324521,https://inaturalist-open-data.s3.amazonaws.com/photos/393807895/medium.png,Vanessa cardui
222325414,https://inaturalist-open-data.s3.amazonaws.com/photos/393810796/medium.jpeg,Vanessa cardui
222330002,https://inaturalist-open-data.s3.amazonaws.com/photos/393793453/medium.jpeg,Vanessa cardui
222330901,https://inaturalist-open-data.s3.amazonaws.com/photos/393821342/medium.jpeg,Vanessa cardui
222342143,https://static.inaturalist.org/photos/393841937/medium.jpg,Vanessa cardui
222356617,https://inaturalist-open-data.s3.amazonaws.com/photos/393872275/medium.jpg,Vanessa cardui
222359648,https://inaturalist-open-data.s3.amazonaws.com/photos/393878141/medium.jpeg,Vanessa cardui
222360517,https://static.inaturalist.org/photos/393879890/medium.jpg,Vanessa cardui
222366712,https://static.inaturalist.org/photos/393891770/medium.jpeg,Vanessa cardui
222391459,https://static.inaturalist.org/photos/393941578/medium.jpeg,Vanessa cardui
222392750,https://static.inaturalist.org/photos/393944218/medium.jpeg,Vanessa cardui
222395357,https://inaturalist-open-data.s3.amazonaws.com/photos/393949045/medium.jpg,Vanessa cardui
222400884,https://inaturalist-open-data.s3.amazonaws.com/photos/393960469/medium.jpg,Vanessa cardui
222401055,https://inaturalist-open-data.s3.amazonaws.com/photos/393960743/medium.jpg,Vanessa cardui
222401239,https://static.inaturalist.org/photos/393961238/medium.jpeg,Vanessa cardui
222403879,https://inaturalist-open-data.s3.amazonaws.com/photos/393959002/medium.jpeg,Vanessa cardui
222403915,https://static.inaturalist.org/photos/393965776/medium.jpg,Vanessa cardui
222403975,https://inaturalist-open-data.s3.amazonaws.com/photos/393965725/medium.jpeg,Vanessa cardui
222404027,https://static.inaturalist.org/photos/393965870/medium.jpg,Vanessa cardui
222405439,https://inaturalist-open-data.s3.amazonaws.com/photos/393966099/medium.jpeg,Vanessa cardui
222407610,https://inaturalist-open-data.s3.amazonaws.com/photos/393971802/medium.jpg,Vanessa cardui
222408205,https://static.inaturalist.org/photos/393961862/medium.jpeg,Vanessa cardui
222408396,https://inaturalist-open-data.s3.amazonaws.com/photos/393973628/medium.jpg,Vanessa cardui
222416127,https://inaturalist-open-data.s3.amazonaws.com/photos/393987501/medium.jpeg,Vanessa cardui
222416469,https://static.inaturalist.org/photos/393988288/medium.jpeg,Vanessa cardui
222418472,https://inaturalist-open-data.s3.amazonaws.com/photos/393991351/medium.jpeg,Vanessa cardui
222422669,https://inaturalist-open-data.s3.amazonaws.com/photos/393999439/medium.jpeg,Vanessa cardui
222425096,https://inaturalist-open-data.s3.amazonaws.com/photos/394004124/medium.jpg,Vanessa cardui
222429593,https://inaturalist-open-data.s3.amazonaws.com/photos/394011609/medium.jpeg,Vanessa cardui
222429862,https://inaturalist-open-data.s3.amazonaws.com/photos/394012363/medium.jpeg,Vanessa cardui
222435556,https://inaturalist-open-data.s3.amazonaws.com/photos/394020501/medium.jpeg,Vanessa cardui
222446278,https://inaturalist-open-data.s3.amazonaws.com/photos/394036367/medium.jpeg,Vanessa cardui
222447443,https://static.inaturalist.org/photos/394043061/medium.jpg,Vanessa cardui
222448427,https://static.inaturalist.org/photos/394044932/medium.jpg,Vanessa cardui
222452565,https://inaturalist-open-data.s3.amazonaws.com/photos/394046801/medium.jpeg,Vanessa cardui
222454601,https://inaturalist-open-data.s3.amazonaws.com/photos/394055681/medium.jpeg,Vanessa cardui
222455407,https://inaturalist-open-data.s3.amazonaws.com/photos/394057090/medium.jpeg,Vanessa cardui
222455461,https://static.inaturalist.org/photos/394056540/medium.jpeg,Vanessa cardui
222461694,https://inaturalist-open-data.s3.amazonaws.com/photos/394067723/medium.jpg,Vanessa cardui
222464334,https://inaturalist-open-data.s3.amazonaws.com/photos/394072931/medium.jpg,Vanessa cardui
222464860,https://inaturalist-open-data.s3.amazonaws.com/photos/394073917/medium.jpg,Vanessa cardui
222465920,https://inaturalist-open-data.s3.amazonaws.com/photos/394031235/medium.jpg,Vanessa cardui
222473690,https://inaturalist-open-data.s3.amazonaws.com/photos/394090101/medium.jpeg,Vanessa cardui
222473714,https://inaturalist-open-data.s3.amazonaws.com/photos/394089820/medium.jpg,Vanessa cardui
222474891,https://inaturalist-open-data.s3.amazonaws.com/photos/394092401/medium.jpeg,Vanessa cardui
222475697,https://inaturalist-open-data.s3.amazonaws.com/photos/394123988/medium.jpg,Vanessa cardui
222479063,https://inaturalist-open-data.s3.amazonaws.com/photos/394100683/medium.jpeg,Vanessa cardui
222482694,https://inaturalist-open-data.s3.amazonaws.com/photos/394107407/medium.jpeg,Vanessa cardui
222486832,https://inaturalist-open-data.s3.amazonaws.com/photos/394115563/medium.jpg,Vanessa cardui
222489623,https://static.inaturalist.org/photos/394120975/medium.jpg,Vanessa cardui
222491418,https://inaturalist-open-data.s3.amazonaws.com/photos/394124448/medium.jpg,Vanessa cardui
222492527,https://inaturalist-open-data.s3.amazonaws.com/photos/394126723/medium.jpg,Vanessa cardui
222497467,https://inaturalist-open-data.s3.amazonaws.com/photos/394136372/medium.jpg,Vanessa cardui
222502294,https://static.inaturalist.org/photos/394145367/medium.jpg,Vanessa cardui
222502381,https://static.inaturalist.org/photos/394145549/medium.jpg,Vanessa cardui
222502851,https://inaturalist-open-data.s3.amazonaws.com/photos/394145127/medium.jpeg,Vanessa cardui
222504856,https://inaturalist-open-data.s3.amazonaws.com/photos/394149457/medium.jpg,Vanessa cardui
222525125,https://inaturalist-open-data.s3.amazonaws.com/photos/394188222/medium.jpeg,Vanessa cardui
222529201,https://inaturalist-open-data.s3.amazonaws.com/photos/394195800/medium.jpg,Vanessa cardui
222532767,https://inaturalist-open-data.s3.amazonaws.com/photos/394201534/medium.jpeg,Vanessa cardui
222534393,https://inaturalist-open-data.s3.amazonaws.com/photos/394205874/medium.jpg,Vanessa cardui
222537639,https://inaturalist-open-data.s3.amazonaws.com/photos/394212666/medium.jpg,Vanessa cardui
222541190,https://inaturalist-open-data.s3.amazonaws.com/photos/394217389/medium.jpg,Vanessa cardui
222559695,https://static.inaturalist.org/photos/394254650/medium.jpeg,Vanessa cardui
222570355,https://inaturalist-open-data.s3.amazonaws.com/photos/394276339/medium.jpeg,Vanessa cardui
222570755,https://inaturalist-open-data.s3.amazonaws.com/photos/394277160/medium.jpg,Vanessa cardui
222586623,https://inaturalist-open-data.s3.amazonaws.com/photos/394308924/medium.jpeg,Vanessa cardui
222596879,https://inaturalist-open-data.s3.amazonaws.com/photos/394328058/medium.jpeg,Vanessa cardui
222602188,https://inaturalist-open-data.s3.amazonaws.com/photos/394382999/medium.jpeg,Vanessa cardui
222602189,https://inaturalist-open-data.s3.amazonaws.com/photos/394336127/medium.jpeg,Vanessa cardui
222609858,https://static.inaturalist.org/photos/394351771/medium.jpeg,Vanessa cardui
222612127,https://inaturalist-open-data.s3.amazonaws.com/photos/394355720/medium.jpg,Vanessa cardui
222619933,https://inaturalist-open-data.s3.amazonaws.com/photos/394367309/medium.jpeg,Vanessa cardui
222626832,https://static.inaturalist.org/photos/394368212/medium.jpg,Vanessa cardui
222634897,https://inaturalist-open-data.s3.amazonaws.com/photos/394396392/medium.jpg,Vanessa cardui
222644120,https://static.inaturalist.org/photos/394412780/medium.jpeg,Vanessa cardui
222670536,https://static.inaturalist.org/photos/394459451/medium.jpeg,Vanessa cardui
222676416,https://inaturalist-open-data.s3.amazonaws.com/photos/395556011/medium.jpg,Vanessa cardui
222680504,https://inaturalist-open-data.s3.amazonaws.com/photos/394477895/medium.jpeg,Vanessa cardui
222683627,https://static.inaturalist.org/photos/394483962/medium.jpeg,Vanessa cardui
222684022,https://inaturalist-open-data.s3.amazonaws.com/photos/394484627/medium.jpeg,Vanessa cardui
222690351,https://inaturalist-open-data.s3.amazonaws.com/photos/394495406/medium.jpeg,Vanessa cardui
222692286,https://inaturalist-open-data.s3.amazonaws.com/photos/394500650/medium.jpeg,Vanessa cardui
222695551,https://inaturalist-open-data.s3.amazonaws.com/photos/394505836/medium.jpg,Vanessa cardui
222699622,https://static.inaturalist.org/photos/394515002/medium.jpeg,Vanessa cardui
222704456,https://inaturalist-open-data.s3.amazonaws.com/photos/394519931/medium.jpeg,Vanessa cardui
222715179,https://inaturalist-open-data.s3.amazonaws.com/photos/394543816/medium.jpeg,Vanessa cardui
222720979,https://static.inaturalist.org/photos/394512454/medium.jpg,Vanessa cardui
222722821,https://inaturalist-open-data.s3.amazonaws.com/photos/394558851/medium.jpg,Vanessa cardui
222723696,https://inaturalist-open-data.s3.amazonaws.com/photos/394555245/medium.jpeg,Vanessa cardui
222737848,https://inaturalist-open-data.s3.amazonaws.com/photos/394588264/medium.jpg,Vanessa cardui
222751734,https://inaturalist-open-data.s3.amazonaws.com/photos/394613571/medium.jpeg,Vanessa cardui
222772595,https://inaturalist-open-data.s3.amazonaws.com/photos/394653181/medium.jpg,Vanessa cardui
222789792,https://inaturalist-open-data.s3.amazonaws.com/photos/394684520/medium.jpg,Vanessa cardui
222789793,https://inaturalist-open-data.s3.amazonaws.com/photos/394684524/medium.jpg,Vanessa cardui
222789795,https://inaturalist-open-data.s3.amazonaws.com/photos/394684856/medium.jpg,Vanessa cardui
222789796,https://inaturalist-open-data.s3.amazonaws.com/photos/394685258/medium.jpg,Vanessa cardui
222797566,https://inaturalist-open-data.s3.amazonaws.com/photos/394702250/medium.jpg,Vanessa cardui
222803935,https://static.inaturalist.org/photos/394714797/medium.jpeg,Vanessa cardui
222807150,https://inaturalist-open-data.s3.amazonaws.com/photos/394719664/medium.jpg,Vanessa cardui
222820076,https://inaturalist-open-data.s3.amazonaws.com/photos/394741254/medium.jpg,Vanessa cardui
222821596,https://static.inaturalist.org/photos/394745355/medium.jpg,Vanessa cardui
222854335,https://static.inaturalist.org/photos/394810226/medium.jpeg,Vanessa cardui
222855680,https://inaturalist-open-data.s3.amazonaws.com/photos/394804191/medium.jpeg,Vanessa cardui
222865388,https://inaturalist-open-data.s3.amazonaws.com/photos/394821221/medium.jpeg,Vanessa cardui
222865508,https://inaturalist-open-data.s3.amazonaws.com/photos/394824753/medium.jpg,Vanessa cardui
222869687,https://inaturalist-open-data.s3.amazonaws.com/photos/394832184/medium.jpeg,Vanessa cardui
222870522,https://inaturalist-open-data.s3.amazonaws.com/photos/394833685/medium.jpeg,Vanessa cardui
222873172,https://inaturalist-open-data.s3.amazonaws.com/photos/394837973/medium.jpeg,Vanessa cardui
222873494,https://inaturalist-open-data.s3.amazonaws.com/photos/394838682/medium.jpeg,Vanessa cardui
222900424,https://inaturalist-open-data.s3.amazonaws.com/photos/394885188/medium.jpeg,Vanessa cardui
222906226,https://inaturalist-open-data.s3.amazonaws.com/photos/394898831/medium.jpeg,Vanessa cardui
222910810,https://inaturalist-open-data.s3.amazonaws.com/photos/394907441/medium.jpg,Vanessa cardui
222927680,https://static.inaturalist.org/photos/394936306/medium.jpg,Vanessa cardui
222947717,https://inaturalist-open-data.s3.amazonaws.com/photos/394974953/medium.jpg,Vanessa cardui
222986835,https://inaturalist-open-data.s3.amazonaws.com/photos/395039902/medium.jpeg,Vanessa cardui
222995548,https://inaturalist-open-data.s3.amazonaws.com/photos/395069607/medium.jpg,Vanessa cardui
223042594,https://inaturalist-open-data.s3.amazonaws.com/photos/395164832/medium.jpeg,Vanessa cardui
223055983,https://inaturalist-open-data.s3.amazonaws.com/photos/395187326/medium.jpeg,Vanessa cardui
223076143,https://static.inaturalist.org/photos/395223638/medium.jpeg,Vanessa cardui
223081265,https://inaturalist-open-data.s3.amazonaws.com/photos/395232300/medium.jpeg,Vanessa cardui
223139281,https://static.inaturalist.org/photos/395335455/medium.jpeg,Vanessa cardui
223150502,https://static.inaturalist.org/photos/395357039/medium.jpeg,Vanessa cardui
223197812,https://inaturalist-open-data.s3.amazonaws.com/photos/395445265/medium.jpg,Vanessa cardui
223202144,https://inaturalist-open-data.s3.amazonaws.com/photos/395453552/medium.jpeg,Vanessa cardui
223212835,https://inaturalist-open-data.s3.amazonaws.com/photos/395459838/medium.jpeg,Vanessa cardui
223306966,https://inaturalist-open-data.s3.amazonaws.com/photos/395656995/medium.jpeg,Vanessa cardui
223308393,https://inaturalist-open-data.s3.amazonaws.com/photos/395659195/medium.jpg,Vanessa cardui
223314171,https://inaturalist-open-data.s3.amazonaws.com/photos/395669784/medium.jpg,Vanessa cardui
223327535,https://static.inaturalist.org/photos/395694927/medium.jpeg,Vanessa cardui
223328355,https://inaturalist-open-data.s3.amazonaws.com/photos/395691338/medium.jpg,Vanessa cardui
223370644,https://static.inaturalist.org/photos/395767927/medium.jpeg,Vanessa cardui
223376563,https://inaturalist-open-data.s3.amazonaws.com/photos/395785031/medium.jpg,Vanessa cardui
223422860,https://inaturalist-open-data.s3.amazonaws.com/photos/396363117/medium.png,Vanessa cardui
223429067,https://inaturalist-open-data.s3.amazonaws.com/photos/395887609/medium.jpeg,Vanessa cardui
223438312,https://inaturalist-open-data.s3.amazonaws.com/photos/395914302/medium.jpeg,Vanessa cardui
223463316,https://inaturalist-open-data.s3.amazonaws.com/photos/395954538/medium.jpg,Vanessa cardui
223503722,https://inaturalist-open-data.s3.amazonaws.com/photos/396030540/medium.jpeg,Vanessa cardui
223503723,https://inaturalist-open-data.s3.amazonaws.com/photos/396030599/medium.jpeg,Vanessa cardui
223503753,https://inaturalist-open-data.s3.amazonaws.com/photos/396030689/medium.jpeg,Vanessa cardui
223547023,https://static.inaturalist.org/photos/396059922/medium.jpeg,Vanessa cardui
223601053,https://static.inaturalist.org/photos/396166045/medium.jpeg,Vanessa cardui
223636968,https://inaturalist-open-data.s3.amazonaws.com/photos/396279305/medium.jpeg,Vanessa cardui
223672235,https://inaturalist-open-data.s3.amazonaws.com/photos/396346616/medium.jpeg,Vanessa cardui
223676071,https://inaturalist-open-data.s3.amazonaws.com/photos/396337158/medium.jpg,Vanessa cardui
223676085,https://inaturalist-open-data.s3.amazonaws.com/photos/396337228/medium.jpeg,Vanessa cardui
223678776,https://inaturalist-open-data.s3.amazonaws.com/photos/396360606/medium.jpg,Vanessa cardui
223708977,https://inaturalist-open-data.s3.amazonaws.com/photos/396420787/medium.jpeg,Vanessa cardui
223709343,https://inaturalist-open-data.s3.amazonaws.com/photos/396419227/medium.jpeg,Vanessa cardui
223719842,https://static.inaturalist.org/photos/396435841/medium.jpeg,Vanessa cardui
223723414,https://inaturalist-open-data.s3.amazonaws.com/photos/396446830/medium.jpeg,Vanessa cardui
223771067,https://inaturalist-open-data.s3.amazonaws.com/photos/396532478/medium.jpg,Vanessa cardui
223809471,https://inaturalist-open-data.s3.amazonaws.com/photos/396603772/medium.jpg,Vanessa cardui
223819730,https://inaturalist-open-data.s3.amazonaws.com/photos/396620567/medium.jpeg,Vanessa cardui
224032799,https://static.inaturalist.org/photos/397011291/medium.jpeg,Vanessa cardui
224032802,https://static.inaturalist.org/photos/397011394/medium.jpeg,Vanessa cardui
224032805,https://static.inaturalist.org/photos/397011413/medium.jpeg,Vanessa cardui
224068793,https://inaturalist-open-data.s3.amazonaws.com/photos/397079299/medium.jpeg,Vanessa cardui
224074676,https://inaturalist-open-data.s3.amazonaws.com/photos/397093201/medium.jpeg,Vanessa cardui
224258603,https://inaturalist-open-data.s3.amazonaws.com/photos/397440277/medium.jpeg,Vanessa cardui
224287701,https://inaturalist-open-data.s3.amazonaws.com/photos/397474676/medium.jpeg,Vanessa cardui
224319103,https://inaturalist-open-data.s3.amazonaws.com/photos/397556364/medium.jpg,Vanessa cardui
224341058,https://inaturalist-open-data.s3.amazonaws.com/photos/397604058/medium.jpeg,Vanessa cardui
224370842,https://inaturalist-open-data.s3.amazonaws.com/photos/397659142/medium.jpeg,Vanessa cardui
224398398,https://inaturalist-open-data.s3.amazonaws.com/photos/397710788/medium.jpeg,Vanessa cardui
224399774,https://inaturalist-open-data.s3.amazonaws.com/photos/397710223/medium.jpg,Vanessa cardui
224489113,https://inaturalist-open-data.s3.amazonaws.com/photos/397874486/medium.jpeg,Vanessa cardui
224538077,https://inaturalist-open-data.s3.amazonaws.com/photos/397975450/medium.jpeg,Vanessa cardui
224557554,https://inaturalist-open-data.s3.amazonaws.com/photos/398016339/medium.jpeg,Vanessa cardui
224581420,https://static.inaturalist.org/photos/398064879/medium.jpeg,Vanessa cardui
224633969,https://inaturalist-open-data.s3.amazonaws.com/photos/398146045/medium.jpg,Vanessa cardui
224641705,https://inaturalist-open-data.s3.amazonaws.com/photos/398173309/medium.jpg,Vanessa cardui
224759925,https://inaturalist-open-data.s3.amazonaws.com/photos/398395421/medium.jpg,Vanessa cardui
224854107,https://inaturalist-open-data.s3.amazonaws.com/photos/398579234/medium.jpeg,Vanessa cardui
224924438,https://inaturalist-open-data.s3.amazonaws.com/photos/398710260/medium.jpeg,Vanessa cardui
224927678,https://inaturalist-open-data.s3.amazonaws.com/photos/398711534/medium.jpeg,Vanessa cardui
224952294,https://inaturalist-open-data.s3.amazonaws.com/photos/398761931/medium.jpeg,Vanessa cardui
224952319,https://inaturalist-open-data.s3.amazonaws.com/photos/398761998/medium.jpeg,Vanessa cardui
224954413,https://inaturalist-open-data.s3.amazonaws.com/photos/398766581/medium.jpeg,Vanessa cardui
225067248,https://inaturalist-open-data.s3.amazonaws.com/photos/398991074/medium.jpeg,Vanessa cardui
225233560,https://static.inaturalist.org/photos/399308720/medium.jpeg,Vanessa cardui
225399654,https://inaturalist-open-data.s3.amazonaws.com/photos/399543939/medium.jpg,Vanessa cardui
225399669,https://inaturalist-open-data.s3.amazonaws.com/photos/399549434/medium.jpg,Vanessa cardui
225435903,https://inaturalist-open-data.s3.amazonaws.com/photos/399690816/medium.jpg,Vanessa cardui
225437570,https://inaturalist-open-data.s3.amazonaws.com/photos/399694069/medium.jpg,Vanessa cardui
225508109,https://inaturalist-open-data.s3.amazonaws.com/photos/399827377/medium.jpeg,Vanessa cardui
225683757,https://inaturalist-open-data.s3.amazonaws.com/photos/400162782/medium.jpeg,Vanessa cardui
225777306,https://inaturalist-open-data.s3.amazonaws.com/photos/400334779/medium.jpg,Vanessa cardui
225840446,https://inaturalist-open-data.s3.amazonaws.com/photos/400457484/medium.jpeg,Vanessa cardui
225912615,https://inaturalist-open-data.s3.amazonaws.com/photos/400590905/medium.jpeg,Vanessa cardui
225966855,https://inaturalist-open-data.s3.amazonaws.com/photos/400690077/medium.jpeg,Vanessa cardui
226000978,https://static.inaturalist.org/photos/400755107/medium.jpeg,Vanessa cardui
226025567,https://inaturalist-open-data.s3.amazonaws.com/photos/400801587/medium.jpeg,Vanessa cardui
226161310,https://inaturalist-open-data.s3.amazonaws.com/photos/401061706/medium.jpg,Vanessa cardui
226165673,https://inaturalist-open-data.s3.amazonaws.com/photos/401069359/medium.jpeg,Vanessa cardui
226325760,https://inaturalist-open-data.s3.amazonaws.com/photos/401373495/medium.jpg,Vanessa cardui
226328950,https://inaturalist-open-data.s3.amazonaws.com/photos/401379766/medium.jpg,Vanessa cardui
226328954,https://inaturalist-open-data.s3.amazonaws.com/photos/401379788/medium.jpg,Vanessa cardui
226392363,https://inaturalist-open-data.s3.amazonaws.com/photos/401506420/medium.jpeg,Vanessa cardui
226507841,https://static.inaturalist.org/photos/401723247/medium.jpg,Vanessa cardui
226564497,https://inaturalist-open-data.s3.amazonaws.com/photos/401820129/medium.jpg,Vanessa cardui
226872428,https://inaturalist-open-data.s3.amazonaws.com/photos/402388514/medium.jpeg,Vanessa cardui
226970320,https://static.inaturalist.org/photos/402591183/medium.jpeg,Vanessa cardui
227204399,https://inaturalist-open-data.s3.amazonaws.com/photos/403033828/medium.jpeg,Vanessa cardui
227394866,https://inaturalist-open-data.s3.amazonaws.com/photos/403364033/medium.jpg,Vanessa cardui
227500974,https://static.inaturalist.org/photos/403599152/medium.jpg,Vanessa cardui
227621141,https://inaturalist-open-data.s3.amazonaws.com/photos/403691571/medium.jpg,Vanessa cardui
227632978,https://inaturalist-open-data.s3.amazonaws.com/photos/403846313/medium.jpeg,Vanessa cardui
227669210,https://static.inaturalist.org/photos/403916447/medium.jpg,Vanessa cardui
227804849,https://static.inaturalist.org/photos/404167518/medium.jpeg,Vanessa cardui
228194780,https://inaturalist-open-data.s3.amazonaws.com/photos/404915289/medium.jpeg,Vanessa cardui
228197906,https://inaturalist-open-data.s3.amazonaws.com/photos/404921185/medium.jpeg,Vanessa cardui
228261575,https://static.inaturalist.org/photos/405036887/medium.jpeg,Vanessa cardui
228322483,,Vanessa cardui
228326307,https://inaturalist-open-data.s3.amazonaws.com/photos/405159058/medium.jpg,Vanessa cardui
228426964,https://static.inaturalist.org/photos/405352483/medium.jpg,Vanessa cardui
229163599,https://inaturalist-open-data.s3.amazonaws.com/photos/406751536/medium.jpg,Vanessa cardui
229772125,https://inaturalist-open-data.s3.amazonaws.com/photos/407895516/medium.jpg,Vanessa cardui
229937525,https://static.inaturalist.org/photos/408211559/medium.jpeg,Vanessa cardui
230349380,https://inaturalist-open-data.s3.amazonaws.com/photos/408984978/medium.jpeg,Vanessa cardui
230519088,https://inaturalist-open-data.s3.amazonaws.com/photos/409234448/medium.jpeg,Vanessa cardui
230594026,https://inaturalist-open-data.s3.amazonaws.com/photos/409457538/medium.jpeg,Vanessa cardui
230807818,https://static.inaturalist.org/photos/409848425/medium.jpeg,Vanessa cardui
230854219,https://inaturalist-open-data.s3.amazonaws.com/photos/409924027/medium.jpeg,Vanessa cardui
231193978,https://inaturalist-open-data.s3.amazonaws.com/photos/410589610/medium.jpg,Vanessa cardui
231193981,https://inaturalist-open-data.s3.amazonaws.com/photos/410589615/medium.jpg,Vanessa cardui
231246024,https://inaturalist-open-data.s3.amazonaws.com/photos/410684653/medium.jpeg,Vanessa cardui
231571164,https://static.inaturalist.org/photos/411312282/medium.jpeg,Vanessa cardui
231571301,https://static.inaturalist.org/photos/411312494/medium.jpeg,Vanessa cardui
231581563,https://static.inaturalist.org/photos/411327847/medium.jpeg,Vanessa cardui
232125835,https://inaturalist-open-data.s3.amazonaws.com/photos/412353980/medium.jpg,Vanessa cardui
232324668,https://static.inaturalist.org/photos/412729184/medium.jpeg,Vanessa cardui
232385881,https://inaturalist-open-data.s3.amazonaws.com/photos/412845492/medium.jpeg,Vanessa cardui
233623322,https://inaturalist-open-data.s3.amazonaws.com/photos/415211425/medium.jpeg,Vanessa cardui
234208464,https://static.inaturalist.org/photos/416319437/medium.jpg,Vanessa cardui
235293915,https://inaturalist-open-data.s3.amazonaws.com/photos/418435504/medium.jpg,Vanessa cardui
235462283,https://inaturalist-open-data.s3.amazonaws.com/photos/418761288/medium.jpeg,Vanessa cardui
235578996,https://inaturalist-open-data.s3.amazonaws.com/photos/418981106/medium.jpeg,Vanessa cardui
235870764,https://inaturalist-open-data.s3.amazonaws.com/photos/419542910/medium.jpg,Vanessa cardui
236494559,https://inaturalist-open-data.s3.amazonaws.com/photos/420742850/medium.jpeg,Vanessa cardui
236494563,https://inaturalist-open-data.s3.amazonaws.com/photos/420743098/medium.jpeg,Vanessa cardui
236531841,https://inaturalist-open-data.s3.amazonaws.com/photos/420814783/medium.jpeg,Vanessa cardui
236603839,https://static.inaturalist.org/photos/420703843/medium.jpeg,Vanessa cardui
236778572,https://inaturalist-open-data.s3.amazonaws.com/photos/421288559/medium.jpeg,Vanessa cardui
237296792,https://inaturalist-open-data.s3.amazonaws.com/photos/422248257/medium.jpg,Vanessa cardui
237492237,https://inaturalist-open-data.s3.amazonaws.com/photos/422669939/medium.jpeg,Vanessa cardui
237805868,https://inaturalist-open-data.s3.amazonaws.com/photos/423278345/medium.jpeg,Vanessa cardui
238671054,https://inaturalist-open-data.s3.amazonaws.com/photos/424946259/medium.jpg,Vanessa cardui
238996656,https://inaturalist-open-data.s3.amazonaws.com/photos/425539663/medium.jpeg,Vanessa cardui
238996670,https://inaturalist-open-data.s3.amazonaws.com/photos/425540452/medium.jpeg,Vanessa cardui
239480714,https://inaturalist-open-data.s3.amazonaws.com/photos/426518979/medium.jpeg,Vanessa cardui
239480740,https://inaturalist-open-data.s3.amazonaws.com/photos/426519179/medium.jpeg,Vanessa cardui
240129564,https://static.inaturalist.org/photos/468633350/medium.jpeg,Vanessa cardui
240751797,https://inaturalist-open-data.s3.amazonaws.com/photos/428955082/medium.jpeg,Vanessa cardui
241613524,https://inaturalist-open-data.s3.amazonaws.com/photos/430638133/medium.png,Vanessa cardui
241615973,https://inaturalist-open-data.s3.amazonaws.com/photos/430642868/medium.png,Vanessa cardui
241981702,https://inaturalist-open-data.s3.amazonaws.com/photos/431339409/medium.jpg,Vanessa cardui
243180065,https://inaturalist-open-data.s3.amazonaws.com/photos/433589681/medium.jpeg,Vanessa cardui
244035581,https://inaturalist-open-data.s3.amazonaws.com/photos/435240168/medium.jpeg,Vanessa cardui
244059851,https://static.inaturalist.org/photos/435294898/medium.jpeg,Vanessa cardui
245291089,https://inaturalist-open-data.s3.amazonaws.com/photos/437681130/medium.jpeg,Vanessa cardui
245794678,https://inaturalist-open-data.s3.amazonaws.com/photos/438670295/medium.jpeg,Vanessa cardui
246119625,https://static.inaturalist.org/photos/439317451/medium.jpeg,Vanessa cardui
247081875,https://static.inaturalist.org/photos/441220504/medium.jpeg,Vanessa cardui
248752946,https://inaturalist-open-data.s3.amazonaws.com/photos/444530146/medium.jpeg,Vanessa cardui
248870142,https://inaturalist-open-data.s3.amazonaws.com/photos/444771403/medium.jpg,Vanessa cardui
248870998,https://inaturalist-open-data.s3.amazonaws.com/photos/444772564/medium.jpg,Vanessa cardui
249174249,https://inaturalist-open-data.s3.amazonaws.com/photos/445367219/medium.jpeg,Vanessa cardui
250302297,https://static.inaturalist.org/photos/447625170/medium.jpeg,Vanessa cardui
251215156,https://inaturalist-open-data.s3.amazonaws.com/photos/449438424/medium.jpeg,Vanessa cardui
251709780,https://inaturalist-open-data.s3.amazonaws.com/photos/450436844/medium.jpeg,Vanessa cardui
251870420,https://static.inaturalist.org/photos/450762141/medium.jpeg,Vanessa cardui
251972734,https://inaturalist-open-data.s3.amazonaws.com/photos/450964013/medium.jpeg,Vanessa cardui
252552818,https://inaturalist-open-data.s3.amazonaws.com/photos/452122102/medium.jpeg,Vanessa cardui
253116953,https://inaturalist-open-data.s3.amazonaws.com/photos/453148521/medium.jpeg,Vanessa cardui
253569294,https://static.inaturalist.org/photos/454051400/medium.jpg,Vanessa cardui
255294288,https://inaturalist-open-data.s3.amazonaws.com/photos/457483504/medium.jpeg,Vanessa cardui
255378845,https://inaturalist-open-data.s3.amazonaws.com/photos/457653050/medium.jpeg,Vanessa cardui
255379679,https://static.inaturalist.org/photos/457655231/medium.jpeg,Vanessa cardui
255860445,https://inaturalist-open-data.s3.amazonaws.com/photos/458615256/medium.jpeg,Vanessa cardui
257887640,https://inaturalist-open-data.s3.amazonaws.com/photos/462628469/medium.jpg,Vanessa cardui
259054786,https://inaturalist-open-data.s3.amazonaws.com/photos/464941193/medium.jpg,Vanessa cardui
259304629,https://inaturalist-open-data.s3.amazonaws.com/photos/465448401/medium.jpeg,Vanessa cardui
259661030,https://static.inaturalist.org/photos/466163006/medium.jpeg,Vanessa cardui
260269386,https://static.inaturalist.org/photos/467371895/medium.jpg,Vanessa cardui
260448227,https://inaturalist-open-data.s3.amazonaws.com/photos/467725961/medium.jpeg,Vanessa cardui
260754006,https://inaturalist-open-data.s3.amazonaws.com/photos/468326329/medium.jpg,Vanessa cardui
262550047,https://inaturalist-open-data.s3.amazonaws.com/photos/471582051/medium.jpeg,Vanessa cardui
262809301,https://static.inaturalist.org/photos/472013376/medium.jpg,Vanessa cardui
263242136,https://inaturalist-open-data.s3.amazonaws.com/photos/472878949/medium.jpeg,Vanessa cardui
263242520,https://inaturalist-open-data.s3.amazonaws.com/photos/472879954/medium.jpeg,Vanessa cardui
269379653,https://static.inaturalist.org/photos/484340704/medium.jpg,Vanessa cardui
270680043,https://inaturalist-open-data.s3.amazonaws.com/photos/486819887/medium.jpeg,Vanessa cardui
270682794,https://inaturalist-open-data.s3.amazonaws.com/photos/486824792/medium.jpeg,Vanessa cardui
277818398,https://inaturalist-open-data.s3.amazonaws.com/photos/498837852/medium.jpeg,Vanessa cardui
288504628,https://static.inaturalist.org/photos/518839076/medium.jpg,Vanessa cardui
289340065,https://static.inaturalist.org/photos/520395471/medium.jpg,Vanessa cardui
289340125,https://static.inaturalist.org/photos/520395925/medium.jpg,Vanessa cardui
289340186,https://static.inaturalist.org/photos/520396504/medium.jpg,Vanessa cardui
290411109,https://inaturalist-open-data.s3.amazonaws.com/photos/522429973/medium.jpg,Vanessa cardui
292642765,https://inaturalist-open-data.s3.amazonaws.com/photos/526646393/medium.jpg,Vanessa cardui
293175610,https://static.inaturalist.org/photos/527815177/medium.jpg,Vanessa cardui
295414233,https://inaturalist-open-data.s3.amazonaws.com/photos/531798000/medium.jpg,Vanessa cardui
295943465,https://static.inaturalist.org/photos/532826393/medium.jpg,Vanessa cardui
298075159,https://static.inaturalist.org/photos/536879235/medium.jpg,Vanessa cardui
308249152,https://inaturalist-open-data.s3.amazonaws.com/photos/556101035/medium.jpg,Vanessa cardui
312734293,https://inaturalist-open-data.s3.amazonaws.com/photos/564677297/medium.jpg,Vanessa cardui
312754373,https://inaturalist-open-data.s3.amazonaws.com/photos/564714808/medium.jpg,Vanessa cardui
319236181,https://inaturalist-open-data.s3.amazonaws.com/photos/577045114/medium.jpg,Vanessa cardui
321313168,https://inaturalist-open-data.s3.amazonaws.com/photos/581078141/medium.jpg,Vanessa cardui
325340518,https://inaturalist-open-data.s3.amazonaws.com/photos/589030333/medium.jpg,Vanessa cardui
328120065,https://inaturalist-open-data.s3.amazonaws.com/photos/594512070/medium.jpg,Vanessa cardui
329491782,https://static.inaturalist.org/photos/597272659/medium.jpg,Vanessa cardui
331342642,https://inaturalist-open-data.s3.amazonaws.com/photos/601065117/medium.jpg,Vanessa cardui
